corp_code,corp_name,stock_code,modify_date,market
01170962,GRT,900290,20181122,KOSDAQ
01139266,로스웰,900260,20190312,KOSDAQ
00435297,맥쿼리인프라,088980,20200715,KOSPI
01107665,크리스탈신소재,900250,20201109,KOSDAQ
00173944,우진,105840,20211210,KOSPI
00129350,삼화콘덴서공업,001820,20211117,KOSPI
00303217,우진플라임,049800,20211227,KOSPI
00125938,삼보판지,023600,20211207,KOSDAQ
01036446,서연이화,200880,20211215,KOSPI
00129554,갤럭시아에스엠,011420,20211213,KOSPI
01068348,러셀,217500,20211108,KOSDAQ
01236286,컬러레이,900310,20210924,KOSDAQ
01169434,오가닉티코스메틱,900300,20210707,KOSDAQ
00133663,세동,053060,20211202,KOSDAQ
00132318,성광벤드,014620,20211207,KOSDAQ
00267881,보성파워텍,006910,20211206,KOSDAQ
00105156,극동유화,014530,20220216,KOSPI
00351630,세코닉스,053450,20211202,KOSDAQ
00867098,티로보틱스,117730,20220221,KOSDAQ
00146649,일진홀딩스,015860,20220222,KOSPI
00601191,하나기술,299030,20220221,KOSDAQ
00148443,제일파마홀딩스,002620,20220222,KOSPI
00148939,조광피혁,004700,20220221,KOSPI
00438036,팅크웨어,084730,20220221,KOSDAQ
01255652,레이크머티리얼즈,281740,20220225,KOSDAQ
00664181,인텔리안테크,189300,20220225,KOSDAQ
01058101,라파스,214260,20220225,KOSDAQ
01213586,아이디피,332370,20220225,KOSDAQ
00552992,진매트릭스,109820,20220224,KOSDAQ
01141942,액트로,290740,20220225,KOSDAQ
00447760,미래컴퍼니,049950,20220225,KOSDAQ
00118284,동일금속,109860,20220225,KOSDAQ
00442145,아바코,083930,20220225,KOSDAQ
00411446,큐에스아이,066310,20220225,KOSDAQ
01137295,프리시젼바이오,335810,20220225,KOSDAQ
00532129,영림원소프트랩,060850,20220225,KOSDAQ
01459212,원준,382840,20220225,KOSDAQ
00763473,코스메카코리아,241710,20220225,KOSDAQ
00442048,아바텍,149950,20220225,KOSDAQ
00267979,한일화학,007770,20220224,KOSDAQ
00530121,디에스케이,109740,20220223,KOSDAQ
00166272,화승코퍼레이션,013520,20220228,KOSPI
00946030,로보티즈,108490,20220217,KOSDAQ
00609324,뷰웍스,100120,20220228,KOSDAQ
00143794,원림,005820,20220225,KOSPI
00118965,티에이치엔,019180,20220228,KOSPI
00125488,삼륭물산,014970,20220222,KOSDAQ
00260879,카페24,042000,20220228,KOSDAQ
00362159,웰크론,065950,20221011,KOSDAQ
01303029,알비더블유,361570,20220425,KOSDAQ
01394377,이지스밸류플러스리츠,334890,20221013,KOSPI
00561732,아스플로,159010,20220603,KOSDAQ
00132354,쿠쿠홀딩스,192400,20220502,KOSPI
00417167,풍원정밀,371950,20220721,KOSDAQ
00631837,안트로젠,065660,20220317,KOSDAQ
00159254,한국전자홀딩스,006200,20220802,KOSPI
00367385,효성오앤비,097870,20220812,KOSDAQ
00632793,전진바이오팜,110020,20220503,KOSDAQ
00168401,금비,008870,20220816,KOSPI
01407909,원텍,336570,20220819,KOSDAQ
01208849,나인테크,267320,20220622,KOSDAQ
01135640,이삭엔지니어링,351330,20220810,KOSDAQ
01046708,바디텍메드,206640,20220802,KOSDAQ
00688358,하이즈항공,221840,20220512,KOSDAQ
00599151,SV인베스트먼트,289080,20220520,KOSDAQ
01532603,화승알앤에이,378850,20220330,KOSPI
01415892,제이알글로벌리츠,348950,20220818,KOSPI
00111458,대영포장,014160,20220405,KOSPI
00218575,황금에스티,032560,20220518,KOSPI
00991191,앱클론,174900,20220407,KOSDAQ
00134316,세원정공,021820,20220629,KOSPI
01301623,비씨엔씨,146320,20220429,KOSDAQ
00139685,양지사,030960,20220613,KOSDAQ
00103042,케이씨티시,009070,20220328,KOSPI
01267684,쿠쿠홈시스,284740,20220304,KOSPI
00975290,에이스토리,241840,20221006,KOSDAQ
00867973,서남,294630,20220228,KOSDAQ
00828761,레이,228670,20220930,KOSDAQ
00122348,방림,003610,20220831,KOSPI
00170877,진로발효,018120,20220228,KOSDAQ
00877819,데이타솔루션,263800,20230221,KOSDAQ
00147222,전방,000950,20221207,KOSPI
00105475,금강철강,053260,20221130,KOSDAQ
00145464,이구산업,025820,20230221,KOSPI
00109161,태경케미컬,006890,20221208,KOSPI
00529815,오디텍,080520,20221208,KOSDAQ
00101628,경방,000050,20221208,KOSPI
00363486,로체시스템즈,071280,20221102,KOSDAQ
00823429,한국화장품,123690,20221130,KOSPI
00303396,한국컴퓨터,054040,20221130,KOSDAQ
00174004,유성기업,002920,20230215,KOSPI
00974927,NEW,160550,20221130,KOSDAQ
00123107,보락,002760,20221130,KOSPI
00220561,광주신세계,037710,20230221,KOSPI
00165343,혜인,003010,20230221,KOSPI
00148595,제일테크노스,038010,20221205,KOSDAQ
00258689,JYP Ent.,035900,20221206,KOSDAQ
00101220,KG케미칼,001390,20230220,KOSPI
00152686,코리아써키트,007810,20230220,KOSPI
00162993,한일홀딩스,003300,20230112,KOSPI
00800145,서진오토모티브,122690,20221110,KOSDAQ
00411385,유비쿼스홀딩스,078070,20221208,KOSDAQ
00660291,옵티시스,109080,20221208,KOSDAQ
01124653,슈프리마,236200,20230215,KOSDAQ
00332927,제이에스코퍼레이션,194370,20230220,KOSPI
00266952,네오위즈홀딩스,042420,20230221,KOSDAQ
00398792,SNT모티브,064960,20221115,KOSPI
00148920,조광페인트,004910,20221208,KOSPI
01170865,네오셈,253590,20221209,KOSDAQ
00484682,엘오티베큠,083310,20221209,KOSDAQ
01437292,미래에셋맵스리츠,357250,20230120,KOSPI
00136864,신원,009270,20230221,KOSPI
00155373,풍강,093380,20221027,KOSDAQ
00137809,SHD,001770,20230130,KOSPI
00111193,대양전기공업,108380,20221213,KOSDAQ
00490179,플랜티넷,075130,20221201,KOSDAQ
01258710,이노메트리,302430,20230220,KOSDAQ
00220686,에스피지,058610,20221202,KOSDAQ
00429694,파버나인,177830,20221202,KOSDAQ
00857727,하림,136480,20221213,KOSDAQ
00636656,바이오플러스,099430,20230215,KOSDAQ
00476036,에프엔에스테크,083500,20230216,KOSDAQ
00146269,일신방직,003200,20221202,KOSPI
00157539,KB오토시스,024120,20221205,KOSDAQ
00671978,그리티,204020,20230221,KOSDAQ
00130091,샘표,007540,20230221,KOSPI
00138729,아세아제지,002310,20221221,KOSPI
00369170,인터플렉스,051370,20221205,KOSDAQ
00530556,예스티,122640,20221205,KOSDAQ
00153126,크라운해태홀딩스,005740,20230215,KOSPI
00128661,에스에이엠티,031330,20230215,KOSDAQ
00641171,인지소프트,100030,20221213,KOSDAQ
00223434,에프에스티,036810,20221213,KOSDAQ
00864338,웹스,196700,20221213,KOSDAQ
01169267,세화피앤씨,252500,20230221,KOSDAQ
00325112,프로텍,053610,20221205,KOSDAQ
00925295,에프엔씨엔터,173940,20221205,KOSDAQ
00250997,대정화금,120240,20221206,KOSDAQ
00599957,슈프리마에이치큐,094840,20221206,KOSDAQ
00860332,메리츠금융지주,138040,20230105,KOSPI
00138297,STX,011810,20221206,KOSPI
00807379,신흥에스이씨,243840,20230221,KOSDAQ
00105952,LS,006260,20230106,KOSPI
00378628,KH바텍,060720,20230215,KOSDAQ
00897752,천보,278280,20230221,KOSDAQ
00160621,한국화장품제조,003350,20221206,KOSPI
00363246,우원개발,046940,20221206,KOSDAQ
00539274,대상홀딩스,084690,20221206,KOSPI
00145473,이글벳,044960,20221130,KOSDAQ
01180118,코람코더원리츠,417310,20230119,KOSPI
00575106,씨유테크,376290,20230215,KOSDAQ
01397772,큐라클,365270,20230217,KOSDAQ
01441611,원티드랩,376980,20230221,KOSDAQ
00533508,제이엠티,094970,20221206,KOSDAQ
00405320,웹젠,069080,20221206,KOSDAQ
00203023,시노펙스,025320,20230221,KOSDAQ
00609661,티쓰리,204610,20230220,KOSDAQ
00216498,성도이엔지,037350,20230216,KOSDAQ
00298340,에스티아이,039440,20230216,KOSDAQ
01174038,자비스,254120,20230217,KOSDAQ
00108977,대구백화점,006370,20221128,KOSPI
00858124,알에스오토메이션,140670,20230216,KOSDAQ
00148522,퍼스텍,010820,20230216,KOSPI
00335076,오픈베이스,049480,20230105,KOSDAQ
00134963,송원산업,004430,20230215,KOSPI
00441650,케이씨에스,115500,20221201,KOSDAQ
00127909,삼일,032280,20230215,KOSDAQ
00243757,인포뱅크,039290,20230216,KOSDAQ
00478900,빅솔론,093190,20230217,KOSDAQ
00148948,조비,001550,20221229,KOSPI
01405390,핌스,347770,20230217,KOSDAQ
00124151,부산주공,005030,20221213,KOSPI
00157070,한국단자공업,025540,20230217,KOSPI
01014718,제노코,361390,20230220,KOSDAQ
00870861,와이엠씨,155650,20230215,KOSDAQ
01354740,브이씨,365900,20230217,KOSDAQ
00231354,파워넷,037030,20230209,KOSDAQ
01032486,두산밥캣,241560,20221229,KOSPI
01535150,SK리츠,395400,20221220,KOSPI
00407285,아이컴포넌트,059100,20221202,KOSDAQ
00239596,쎄니트,037760,20230217,KOSDAQ
00577335,대성하이텍,129920,20221208,KOSDAQ
00153755,태양금속공업,004100,20221214,KOSPI
00132804,성신양회,004980,20230116,KOSPI
01222432,에스제이그룹,306040,20230209,KOSDAQ
01437186,ESR켄달스퀘어리츠,365550,20230119,KOSPI
00174208,진성티이씨,036890,20230203,KOSDAQ
00659976,영화테크,265560,20230216,KOSDAQ
01160512,헝셩그룹,900270,20221107,KOSDAQ
00143262,우진아이엔에스,010400,20230210,KOSPI
00114093,덕성,004830,20221109,KOSPI
00181299,상아프론테크,089980,20221230,KOSDAQ
01364747,가온칩스,399720,20230216,KOSDAQ
00654272,램테크놀러지,171010,20221209,KOSDAQ
00990165,아세아시멘트,183190,20221209,KOSPI
00327819,선익시스템,171090,20230215,KOSDAQ
00257732,한국정밀기계,101680,20221109,KOSDAQ
00176516,금화피에스시,036190,20230217,KOSDAQ
00126371,삼성전기,009150,20230102,KOSPI
01686755,파인엠텍,441270,20221027,KOSDAQ
00593032,LF,093050,20221209,KOSPI
00133511,SG세계물산,004060,20221209,KOSPI
00414601,유니퀘스트,077500,20221212,KOSPI
00416654,유엔젤,072130,20230130,KOSPI
00102140,경인전자,009140,20221202,KOSPI
00171867,에스씨디,042110,20221202,KOSDAQ
00287788,정상제이엘에스,040420,20221202,KOSDAQ
01047840,미스터블루,207760,20230220,KOSDAQ
01419135,이노진,344860,20230220,KOSDAQ
00587457,갤럭시아머니트리,094480,20230102,KOSDAQ
00124276,부스타,008470,20221116,KOSDAQ
00155151,피에이치에이,043370,20230216,KOSDAQ
00143527,경동인베스트,012320,20230216,KOSPI
00138446,아가방컴퍼니,013990,20221212,KOSDAQ
00269612,파워로직스,047310,20221212,KOSDAQ
00350482,성우테크론,045300,20221208,KOSDAQ
00256715,국순당,043650,20221208,KOSDAQ
00127936,삼일기업공사,002290,20221208,KOSDAQ
00154055,태원물산,001420,20221209,KOSPI
00447928,네오티스,085910,20230206,KOSDAQ
00144164,SK가스,018670,20230104,KOSPI
00159564,한국주강,025890,20221122,KOSPI
00759294,와이솔,122990,20230216,KOSDAQ
00112165,디아이씨,092200,20230216,KOSPI
00445799,서원인텍,093920,20221220,KOSDAQ
01478712,대덕전자,353200,20230216,KOSPI
00143314,에이엔피,015260,20221209,KOSPI
00138701,아세아,002030,20221209,KOSPI
00364306,성우전자,081580,20221212,KOSDAQ
00244783,한네트,052600,20221214,KOSDAQ
00152783,코메론,049430,20221108,KOSDAQ
00105299,금강공업,014280,20230131,KOSPI
00623661,원익머트리얼즈,104830,20230109,KOSDAQ
00159102,DB손해보험,005830,20230110,KOSPI
00122898,벽산,007210,20221205,KOSPI
01101041,패션플랫폼,225590,20221205,KOSDAQ
01327092,라닉스,317120,20230216,KOSDAQ
00365758,아이앤씨,052860,20221226,KOSDAQ
00808022,메지온,140410,20221227,KOSDAQ
00939331,한국콜마,161890,20221220,KOSPI
00296005,우리로,046970,20221206,KOSDAQ
01077577,우리산업,215360,20221206,KOSDAQ
00231372,롯데관광개발,032350,20221207,KOSPI
00221728,하츠,066130,20221207,KOSDAQ
00761952,아나패스,123860,20221207,KOSDAQ
00129271,삼화전기,009470,20230216,KOSPI
00164812,현대코퍼레이션,011760,20230216,KOSPI
00188797,포메탈,119500,20221228,KOSDAQ
01069736,한독크린텍,256150,20230217,KOSDAQ
00374020,이엘피,063760,20230222,KOSDAQ
01139965,스튜디오미르,408900,20230222,KOSDAQ
00188089,한섬,020000,20230103,KOSPI
00106368,금호석유화학,011780,20230104,KOSPI
00264228,위즈코프,038620,20221208,KOSDAQ
00149026,CS홀딩스,000590,20221208,KOSPI
00256380,유아이엘,049520,20221208,KOSDAQ
00167004,흥구석유,024060,20221209,KOSDAQ
01199189,이랜시스,264850,20230222,KOSDAQ
00112721,대창스틸,140520,20221201,KOSDAQ
00123781,부국철강,026940,20221201,KOSPI
00604815,에스디시스템,121890,20221201,KOSDAQ
00261285,한국가스공사,036460,20230113,KOSPI
01291317,더블유씨피,393890,20230208,KOSDAQ
00961774,유티아이,179900,20230223,KOSDAQ
00154718,비츠로셀,082920,20221209,KOSDAQ
00350020,파인디앤씨,049120,20221209,KOSDAQ
00125646,삼목에스폼,018310,20221209,KOSDAQ
00131692,서흥,008490,20221209,KOSPI
00422284,메가스터디,072870,20221202,KOSDAQ
00107677,비비안,002070,20221207,KOSPI
00234227,유진로봇,056080,20221207,KOSDAQ
00527464,에이치시티,072990,20230222,KOSDAQ
00249982,솔본,035610,20230223,KOSDAQ
00110608,DSR,155660,20230223,KOSPI
01059605,디와이파워,210540,20221213,KOSPI
00540429,휴림로봇,090710,20221207,KOSDAQ
00398808,디지털대성,068930,20230223,KOSDAQ
00265005,옴니시스템,057540,20221207,KOSDAQ
00626011,아이텍,119830,20221207,KOSDAQ
00348034,액토즈소프트,052790,20221207,KOSDAQ
00761059,펌텍코리아,251970,20230223,KOSDAQ
00622787,바이오노트,377740,20221222,KOSPI
00136402,신송홀딩스,006880,20230222,KOSPI
00133335,성창기업지주,000180,20221229,KOSPI
00131054,유진증권,001200,20230110,KOSPI
00185356,제룡전기,033100,20221212,KOSDAQ
00112679,대창단조,015230,20230222,KOSPI
00359076,브리지텍,064480,20221121,KOSDAQ
00439965,나노신소재,121600,20221121,KOSDAQ
01487446,씨엔알리서치,359090,20230222,KOSDAQ
00160205,한국내화,010040,20230222,KOSPI
00628860,네오위즈,095660,20230222,KOSDAQ
00576789,디젠스,113810,20221212,KOSDAQ
00360674,코위버,056360,20221212,KOSDAQ
00133557,PN풍년,024940,20221212,KOSDAQ
00129280,삼화전자공업,011230,20221103,KOSPI
00141608,오리엔탈정공,014940,20230222,KOSDAQ
00404288,아진엑스텍,059120,20221212,KOSDAQ
00135467,승일,049830,20221212,KOSDAQ
00260383,대한유화,006650,20221215,KOSPI
01301252,티이엠씨,425040,20230223,KOSDAQ
00579971,칩스앤미디어,094360,20230222,KOSDAQ
00364847,이글루,067920,20221129,KOSDAQ
00883980,아이디스,143160,20221129,KOSDAQ
00604426,인터로조,119610,20230222,KOSDAQ
00491053,진바이오텍,086060,20221123,KOSDAQ
00359580,아이디스홀딩스,054800,20230223,KOSDAQ
00145109,유한양행,000100,20230208,KOSPI
00201131,아즈텍WB,032080,20221202,KOSDAQ
00925189,신화콘텍,187270,20221202,KOSDAQ
00132628,성문전자,014910,20221125,KOSPI
00866062,엘티씨,170920,20221125,KOSDAQ
00305297,코텍,052330,20230223,KOSDAQ
00413523,한미글로벌,053690,20230223,KOSPI
00185222,크린앤사이언스,045520,20221202,KOSDAQ
00142883,우신시스템,017370,20221202,KOSPI
00161781,아난티,025980,20230222,KOSDAQ
00612188,에스티오,098660,20221129,KOSDAQ
00980122,JB금융지주,175330,20230113,KOSPI
01505186,하이딥,365590,20221205,KOSDAQ
00137012,에스앤더블류,103230,20221205,KOSDAQ
00118275,디아이,003160,20221205,KOSPI
00235183,에이치케이,044780,20221205,KOSDAQ
00807397,코이즈,121850,20221205,KOSDAQ
00133876,세보엠이씨,011560,20230222,KOSDAQ
00500254,GS,078930,20221227,KOSPI
00113359,교보증권,030610,20230102,KOSPI
00347062,현대바이오랜드,052260,20221205,KOSDAQ
00264732,파인디지털,038950,20221208,KOSDAQ
00879020,유니트론텍,142210,20230220,KOSDAQ
00295547,디지아이,043360,20221205,KOSDAQ
00186717,태양,053620,20221207,KOSDAQ
00177816,대주전자재료,078600,20221207,KOSDAQ
00351807,대원미디어,048910,20221207,KOSDAQ
01326224,원바이오젠,307280,20230220,KOSDAQ
00109587,대륙제관,004780,20221212,KOSDAQ
00161976,한세예스24홀딩스,016450,20221212,KOSPI
01196313,유에스티,263770,20221212,KOSDAQ
00447502,바이오톡스텍,086040,20221202,KOSDAQ
00261009,감성코퍼레이션,036620,20221118,KOSDAQ
00435312,하이스틸,071090,20221219,KOSPI
00916826,드림씨아이에스,223250,20230214,KOSDAQ
01187494,덴티스,261200,20221124,KOSDAQ
00246417,이오테크닉스,039030,20230220,KOSDAQ
00555874,제주항공,089590,20221227,KOSPI
00406727,세진티에스,067770,20230222,KOSDAQ
00120021,LG,003550,20221220,KOSPI
00432102,한국금융지주,071050,20221228,KOSPI
00231664,우리기술투자,041190,20221228,KOSDAQ
00115065,동남합성,023450,20221229,KOSPI
00921916,석경에이티,357550,20230214,KOSDAQ
00162832,한일단조,024740,20221125,KOSDAQ
00266934,파루,043200,20221125,KOSDAQ
00369657,리노공업,058470,20230216,KOSDAQ
00563518,비나텍,126340,20230220,KOSDAQ
00170558,코웨이,021240,20230103,KOSPI
00269940,하나투어,039130,20230103,KOSPI
00360577,엑사이엔씨,054940,20230103,KOSDAQ
00204262,한글과컴퓨터,030520,20230214,KOSDAQ
00238153,파세코,037070,20221129,KOSDAQ
00258421,기산텔레콤,035460,20230220,KOSDAQ
01576102,미래에셋글로벌리츠,396690,20230110,KOSPI
01062867,디알텍,214680,20230222,KOSDAQ
00359623,우리산업홀딩스,072470,20221206,KOSDAQ
00240857,바이오스마트,038460,20221206,KOSDAQ
00306162,상상인,038540,20230220,KOSDAQ
00138260,SIMPAC,009160,20230109,KOSPI
00485177,일진파워,094820,20230214,KOSDAQ
00261355,레드캡투어,038390,20230214,KOSDAQ
00164724,현대엘리베이터,017800,20230110,KOSPI
00423177,텔레칩스,054450,20230222,KOSDAQ
00231442,디지틀조선,033130,20221026,KOSDAQ
01013311,헥토이노베이션,214180,20230220,KOSDAQ
00249247,YG PLUS,037270,20230220,KOSPI
01035368,티에프이,425420,20221117,KOSDAQ
00961570,신도기연,290520,20230220,KOSDAQ
00148364,하림지주,003380,20230220,KOSDAQ
00997812,코미코,183300,20230215,KOSDAQ
00695969,동운아나텍,094170,20221130,KOSDAQ
00139764,에넥스,011090,20221130,KOSPI
00128926,삼현철강,017480,20230120,KOSDAQ
00612489,아이쓰리시스템,214430,20230223,KOSDAQ
00140052,에이스침대,003800,20230215,KOSDAQ
00367455,현우산업,092300,20230220,KOSDAQ
00105606,금호에이치티,214330,20221201,KOSPI
00133618,세기상사,002420,20221201,KOSPI
01142075,핑거,163730,20230220,KOSDAQ
00201742,유라테크,048430,20221107,KOSDAQ
00133812,세방,004360,20230214,KOSPI
00666064,셀바스AI,108860,20230215,KOSDAQ
00608839,에이루트,096690,20221201,KOSDAQ
00202839,한창산업,079170,20221201,KOSDAQ
00400060,이씨에스,067010,20230223,KOSDAQ
00158112,한국수출포장공업,002200,20230210,KOSPI
01397620,루닛,328130,20230220,KOSDAQ
00139083,아진산업,013310,20221202,KOSDAQ
00163196,한일철강,002220,20221202,KOSPI
00109718,사조대림,003960,20230221,KOSPI
00994994,나노,187790,20221128,KOSDAQ
00201733,TJ미디어,032540,20221115,KOSDAQ
01047451,셀바스헬스케어,208370,20230215,KOSDAQ
00569646,영우디에스피,143540,20230220,KOSDAQ
00423690,삼성출판사,068290,20221205,KOSPI
00152260,카스,016920,20221205,KOSDAQ
00398668,휴비츠,065510,20230125,KOSDAQ
00340272,에스폴리텍,050760,20221116,KOSDAQ
00152039,SG글로벌,001380,20221128,KOSPI
00587466,KPX홀딩스,092230,20221128,KOSPI
01158553,켄코아에어로스페이스,274090,20221128,KOSDAQ
00141413,영화금속,012280,20221205,KOSPI
00993931,동양파일,228340,20221124,KOSDAQ
01128613,화승엔터프라이즈,241590,20230214,KOSPI
00796994,조선선재,120030,20230727,KOSPI
00353878,다스코,058730,20230508,KOSPI
00819073,인크로스,216050,20230809,KOSDAQ
00122579,BYC,001460,20230810,KOSPI
01367586,제이아이테크,417500,20230227,KOSDAQ
01165739,잉글우드랩,950140,20230405,KOSDAQ
00156354,지엠비코리아,013870,20230223,KOSPI
00551920,네오팜,092730,20230713,KOSDAQ
01488320,필에너지,378340,20230714,KOSDAQ
00108612,DS단석,017860,20231222,KOSPI
01791321,하나30호스팩,469880,20231222,KOSDAQ
01305869,세니젠,188260,20231103,KOSDAQ
00561723,쏘닉스,088280,20231107,KOSDAQ
00138279,S-Oil,010950,20230510,KOSPI
00160418,한국무브넥스,010100,20230510,KOSPI
01146220,팸텍,271830,20230523,KOSDAQ
00145552,이수화학,005950,20230525,KOSPI
00167031,흥국,010240,20230223,KOSDAQ
00449379,도이치모터스,067990,20230223,KOSDAQ
00116949,DN오토모티브,007340,20230412,KOSPI
00239514,삼진엘앤디,054090,20230412,KOSDAQ
01328639,윙입푸드,900340,20230425,KOSDAQ
00191287,대동금속,020400,20230907,KOSDAQ
01144028,씨티케이,260930,20230818,KOSDAQ
00176914,다우기술,023590,20231106,KOSPI
00121686,엠케이전자,033160,20231116,KOSDAQ
00160232,KSS해운,044450,20231116,KOSPI
00409371,인베니아,079950,20231117,KOSDAQ
00525882,크레버스,096240,20231218,KOSDAQ
01516368,산돌,419120,20231220,KOSDAQ
00508344,SK디앤디,210980,20230224,KOSPI
00892526,디케이앤디,263020,20230223,KOSDAQ
00410997,누리플랜,069140,20231220,KOSDAQ
01305249,스톤브릿지벤처스,330730,20230509,KOSDAQ
00494218,엘엠에스,073110,20230411,KOSDAQ
00111722,미래에셋증권,006800,20231207,KOSPI
00536888,케이알엠,093640,20231215,KOSDAQ
00128227,삼정펄프,009770,20231130,KOSPI
01080252,넥스틴,348210,20231218,KOSDAQ
01416572,세림B&G,340440,20240220,KOSDAQ
01402995,케이엔에스,432470,20231206,KOSDAQ
00158316,NICE,034310,20240102,KOSPI
00583424,아모레퍼시픽,090430,20240102,KOSPI
01494154,지니너스,389030,20230918,KOSDAQ
01021639,나라셀라,405920,20230919,KOSDAQ
00113997,롯데에너지머티리얼즈,020150,20230331,KOSPI
00173032,동화기업,025900,20230331,KOSDAQ
00480455,STX엔진,077970,20230331,KOSPI
00228350,신화인터텍,056700,20230331,KOSDAQ
00520610,씨큐브,101240,20230823,KOSDAQ
00133751,세명전기,017510,20240103,KOSDAQ
00137234,모베이스전자,012860,20240103,KOSDAQ
00255433,라온시큐어,042510,20240103,KOSDAQ
00389970,다날,064260,20240103,KOSDAQ
00361594,DMS,068790,20230331,KOSDAQ
00363592,한컴위드,054920,20230331,KOSDAQ
00106313,금호건설,002990,20231219,KOSPI
01309421,제이엔비,452160,20240221,KOSDAQ
00365934,코세스,089890,20240221,KOSDAQ
00828789,대성산업,128820,20231020,KOSPI
01112700,에스엘에스바이오,246250,20231020,KOSDAQ
00125576,체시스,033250,20231004,KOSPI
01203376,유비쿼스,264450,20231004,KOSDAQ
00855163,미원화학,134380,20230322,KOSPI
00372688,티사이언티픽,057680,20230630,KOSDAQ
01363818,롯데리츠,330590,20230704,KOSPI
00965512,라온텍,418420,20230706,KOSDAQ
00441304,가온그룹,078890,20230417,KOSDAQ
00619507,와이씨켐,112290,20230417,KOSDAQ
01497124,캡스톤파트너스,452300,20231115,KOSDAQ
00269852,폴라리스오피스,041020,20231115,KOSDAQ
00135917,한화손해보험,000370,20230323,KOSPI
00472890,동국알앤에스,075970,20230323,KOSDAQ
00456218,모두투어,080160,20230713,KOSDAQ
00127255,삼영,003720,20230424,KOSPI
00531917,톱텍,108230,20230410,KOSDAQ
01134216,트루엔,417790,20230517,KOSDAQ
00614593,넥스트아이,137940,20240111,KOSDAQ
00800084,씨엑스아이,900120,20231124,KOSDAQ
00114552,도화엔지니어링,002150,20230327,KOSPI
00116301,NI스틸,008260,20230327,KOSPI
00163318,모헨즈,006920,20230327,KOSDAQ
00121570,문배철강,008420,20230327,KOSPI
00142865,WISCOM,024070,20230327,KOSPI
00490151,파트론,091700,20230327,KOSDAQ
00138747,아세아텍,050860,20231128,KOSDAQ
00483735,해성옵틱스,076610,20231128,KOSDAQ
00231105,동성화인텍,033500,20230713,KOSDAQ
01030503,우진엔텍,457550,20240124,KOSDAQ
01792825,대신밸런스제17호스팩,471050,20240124,KOSDAQ
01350869,우리금융지주,316140,20230327,KOSPI
01493535,모비데이즈,363260,20230427,KOSDAQ
00180795,인팩,023810,20230427,KOSPI
00646732,진양홀딩스,100250,20230516,KOSPI
01335578,애니플러스,310200,20230516,KOSDAQ
00564562,엠씨넥스,097520,20230227,KOSPI
00105040,뉴인텍,012340,20230502,KOSDAQ
00152437,케이프,064820,20230502,KOSDAQ
00303192,디에이피,066900,20231205,KOSDAQ
00353762,키이스트,054780,20231208,KOSDAQ
00173999,유성티엔에스,024800,20240207,KOSDAQ
00862312,포스뱅크,105760,20240129,KOSDAQ
00356389,프럼파스트,035200,20230502,KOSDAQ
00418379,자연과환경,043910,20230502,KOSDAQ
00309460,HB인베스트먼트,440290,20240220,KOSDAQ
00652007,메카로,241770,20230502,KOSDAQ
00769158,케이엔제이,272110,20230502,KOSDAQ
00102113,경인양행,012610,20230227,KOSPI
00145598,이연제약,102460,20230802,KOSPI
00454399,이상네트웍스,080010,20231006,KOSDAQ
01476219,코스텍시스,355150,20231123,KOSDAQ
01043853,베노티앤알,206400,20230919,KOSDAQ
00409672,티비에이치글로벌,084870,20230922,KOSPI
00664048,우리넷,115440,20240201,KOSDAQ
00138057,써니전자,004770,20240222,KOSPI
00605328,씨앤지하이테크,264660,20240226,KOSDAQ
01797440,SK증권제11호스팩,472230,20240304,KOSDAQ
00468374,원익QnC,074600,20240307,KOSDAQ
00260569,유니셈,036200,20240227,KOSDAQ
00159971,KC그린홀딩스,009440,20240308,KOSPI
01357446,퓨런티어,370090,20240318,KOSDAQ
01787072,유진스팩10호,468760,20240229,KOSDAQ
01791561,하나31호스팩,469900,20240305,KOSDAQ
00367710,동인기연,111380,20231121,KOSPI
00611912,아모그린텍,125210,20240228,KOSDAQ
01293953,싸이버원,356890,20240223,KOSDAQ
00692254,아이패밀리에스씨,114840,20240223,KOSDAQ
00351995,지에스이,053050,20240226,KOSDAQ
00957373,펨트론,168360,20240226,KOSDAQ
00126201,삼성공조,006660,20230526,KOSPI
00760999,상신전자,263810,20230526,KOSDAQ
00604028,피코그램,376180,20240226,KOSDAQ
01685251,컨텍,451760,20240226,KOSDAQ
00642897,브레인즈컴퍼니,099390,20230224,KOSDAQ
00533191,비보존 제약,082800,20230703,KOSDAQ
00913689,세경하이테크,148150,20230703,KOSDAQ
01080687,아우딘퓨쳐스,227610,20230703,KOSDAQ
01237434,플리토,300080,20230901,KOSDAQ
00266961,NAVER,035420,20240311,KOSPI
01188378,시스웍,269620,20240312,KOSDAQ
00578538,티피씨글로벌,130740,20240227,KOSDAQ
00531865,유니테크노,241690,20230503,KOSDAQ
00122694,범양건영,002410,20230328,KOSPI
00141556,오로라,039830,20230328,KOSDAQ
00405719,아이크래프트,052460,20230328,KOSDAQ
00602279,그린플러스,186230,20230328,KOSDAQ
00624749,에스피시스템스,317830,20230328,KOSDAQ
01264872,이노뎁,303530,20240223,KOSDAQ
00858364,BNK금융지주,138930,20230320,KOSPI
00161693,한샘,009240,20231017,KOSPI
00147994,새로닉스,042600,20231017,KOSDAQ
00230814,휴림에이텍,078590,20240321,KOSDAQ
00124780,사조씨푸드,014710,20240321,KOSPI
00139214,삼성화재해상보험,000810,20240321,KOSPI
00166500,화천기계,010660,20240321,KOSPI
01135941,원익IPS,240810,20240219,KOSDAQ
00173351,삼진,032750,20231213,KOSDAQ
00296324,큐로홀딩스,051780,20240219,KOSDAQ
01515864,넥스트칩,396270,20240219,KOSDAQ
01676642,사피엔반도체,452430,20240219,KOSDAQ
00165103,푸드웰,005670,20230329,KOSDAQ
01387164,샤페론,378800,20240222,KOSDAQ
01524118,나노팀,417010,20240219,KOSDAQ
00362858,예스24,053280,20230329,KOSDAQ
00535676,테크윙,089030,20240223,KOSDAQ
01110058,바이오인프라,199730,20230329,KOSDAQ
00878696,에스케이바이오팜,326030,20230329,KOSPI
00231901,LB인베스트먼트,309960,20230329,KOSDAQ
00155735,피제이전자,006140,20240223,KOSDAQ
00181943,에스제이엠홀딩스,025530,20240221,KOSPI
00595191,후성,093370,20240314,KOSPI
00136271,신성이엔지,011930,20240222,KOSPI
00426828,케이웨더,068100,20240222,KOSDAQ
00149239,조일알미늄,018470,20240227,KOSPI
01365038,자람테크놀로지,389020,20230307,KOSDAQ
01231786,엑스페릭스,317770,20230717,KOSDAQ
00612294,피엔티,137400,20230223,KOSDAQ
00264547,KG이니시스,035600,20230324,KOSDAQ
00104768,가온전선,000500,20230324,KOSPI
01137903,디케이티,290550,20230403,KOSDAQ
01442115,소마젠,950200,20230403,KOSDAQ
00167208,흥아해운,003280,20231010,KOSPI
01528141,LS머트리얼즈,417200,20231212,KOSDAQ
01147487,뷰티스킨,406820,20230724,KOSDAQ
00150165,브이티,018290,20230721,KOSDAQ
00390514,이루온,065440,20230223,KOSDAQ
00165060,하이록코리아,013030,20230223,KOSDAQ
00545716,롯데렌탈,089860,20230324,KOSPI
00767460,PI첨단소재,178920,20230324,KOSPI
01047415,정다운,208140,20230518,KOSDAQ
00599595,BGF에코머티리얼즈,126600,20231213,KOSDAQ
01423837,모아데이타,288980,20230223,KOSDAQ
00571298,덕우전자,263600,20230223,KOSDAQ
00152729,광전자,017900,20230330,KOSPI
00765569,기가비스,420770,20230524,KOSDAQ
00660459,나노씨엠에스,247660,20230926,KOSDAQ
01383229,저스템,417840,20230803,KOSDAQ
00920379,티엘비,356860,20230223,KOSDAQ
00231707,비트컴퓨터,032850,20240108,KOSDAQ
00360595,현대글로비스,086280,20240108,KOSPI
00403632,현대퓨처넷,126560,20240206,KOSPI
01540815,스튜디오삼익,415380,20240206,KOSDAQ
00364403,쏠리드,050890,20231108,KOSDAQ
00208444,피에스케이홀딩스,031980,20230223,KOSDAQ
00161860,한성기업,003680,20230223,KOSPI
01596656,메쎄이상,408920,20230404,KOSDAQ
00428251,현대백화점,069960,20240208,KOSPI
00135962,신라교역,004970,20231114,KOSPI
01336461,뉴로메카,348340,20231204,KOSDAQ
00378220,버킷스튜디오,066410,20230707,KOSDAQ
00447609,비에이치,090460,20230620,KOSPI
00106119,금양,001570,20230621,KOSPI
00108940,대성홀딩스,016710,20230621,KOSPI
01792791,IBKS제24호스팩,469480,20240201,KOSDAQ
00568188,마이크로컨텍솔,098120,20230223,KOSDAQ
00140964,영원무역홀딩스,009970,20230223,KOSPI
01199550,HD현대에너지솔루션,322000,20231101,KOSPI
00543107,오킨스전자,080580,20230223,KOSDAQ
00164502,현대공업,170030,20230418,KOSDAQ
01721809,현대그린푸드,453340,20230427,KOSPI
00106669,세아베스틸지주,001430,20230330,KOSPI
00156895,아주IB투자,027360,20230223,KOSDAQ
00380429,CMG제약,058820,20230717,KOSDAQ
01323032,케이카,381970,20231114,KOSPI
00173078,명신산업,009900,20230330,KOSPI
00601988,코난테크놀로지,402030,20230330,KOSDAQ
00573579,평화산업,090080,20230330,KOSPI
00634728,이크레더블,092130,20230330,KOSDAQ
00861076,케이탑리츠,145270,20230330,KOSPI
00910840,윈하이텍,192390,20230330,KOSDAQ
00109781,대림제지,017650,20230228,KOSDAQ
01344202,뷰노,338220,20240115,KOSDAQ
00776820,영원무역,111770,20230223,KOSPI
00599285,서플러스글로벌,140070,20230223,KOSDAQ
00550994,아이센스,099190,20230223,KOSDAQ
01566248,에코프로에이치엔,383310,20230223,KOSDAQ
00117708,리드코프,012700,20230403,KOSDAQ
01546101,아이엠티,451220,20231204,KOSDAQ
00407771,듀오백,073190,20231204,KOSDAQ
01475609,디앤디플랫폼리츠,377190,20240122,KOSPI
00140779,영보화학,014440,20240123,KOSPI
00105138,파라텍,033540,20230612,KOSDAQ
00922304,아셈스,136410,20230223,KOSDAQ
00925587,위드텍,348350,20230223,KOSDAQ
00872656,금양그린파워,282720,20230313,KOSDAQ
00134565,이스타코,015020,20230403,KOSPI
00125822,삼보산업,009620,20230403,KOSDAQ
00228712,동우팜투테이블,088910,20230403,KOSDAQ
00140858,와이엠,007530,20230426,KOSDAQ
01781847,교보15호스팩,465320,20231205,KOSDAQ
00667373,현대힘스,460930,20240126,KOSDAQ
00136624,신영와코루,005800,20230223,KOSPI
01259232,노바텍,285490,20230223,KOSDAQ
00248974,하나제약,293480,20230403,KOSPI
00413417,우리손에프앤지,073560,20230403,KOSDAQ
01816268,KB제29호스팩,478390,20240621,KOSDAQ
00939942,포시에스,189690,20240611,KOSDAQ
00498001,모베이스,101330,20240913,KOSDAQ
00842585,네이블,153460,20240415,KOSDAQ
01150515,대명에너지,389260,20240415,KOSDAQ
00127954,CJ프레시웨이,051500,20240626,KOSDAQ
01442966,마스턴프리미어리츠,357430,20240626,KOSPI
00450995,대모,317850,20240628,KOSDAQ
00202060,구영테크,053270,20240924,KOSDAQ
00161116,HL D&I,014790,20240925,KOSPI
01251489,라온피플,300120,20240510,KOSDAQ
00838962,알서포트,131370,20240524,KOSDAQ
01011368,에이치브이엠,295310,20240628,KOSDAQ
00114765,케이비아이동국실업,001620,20240402,KOSPI
01190568,에이피알,278470,20240924,KOSPI
00625942,한솔아이원스,114810,20240527,KOSDAQ
00132992,성우하이텍,015750,20240402,KOSDAQ
00153339,태경산업,015890,20240402,KOSPI
00365457,제이티,089790,20240402,KOSDAQ
00660121,디에이테크놀로지,196490,20240402,KOSDAQ
01284751,시지트로닉스,429270,20240927,KOSDAQ
01785700,IBKS제23호스팩,467930,20240927,KOSDAQ
00909835,차이커뮤니케이션,351870,20240927,KOSDAQ
00117027,알루코,001780,20240923,KOSPI
01014055,에스트래픽,234300,20240905,KOSDAQ
01817081,SK이터닉스,475150,20240411,KOSPI
00544577,브이엠,089970,20240424,KOSDAQ
01807729,하나33호스팩,475250,20240424,KOSDAQ
00110875,대신정보통신,020180,20240522,KOSDAQ
01494118,노을,376930,20240905,KOSDAQ
01765265,동국제강,460860,20240702,KOSPI
01251577,휴네시온,290270,20240712,KOSDAQ
01815764,이베스트스팩6호,478110,20240712,KOSDAQ
00409681,아스트,067390,20240813,KOSDAQ
01845701,교보16호스팩,482520,20240813,KOSDAQ
00108490,엔피케이,048830,20240328,KOSDAQ
00150828,진흥기업,002780,20240328,KOSPI
00164779,SK하이닉스,000660,20240328,KOSPI
00260930,에스엠,041510,20240328,KOSDAQ
00171636,한솔홀딩스,004150,20240328,KOSPI
00181712,SK,034730,20240328,KOSPI
00632304,JW홀딩스,096760,20240328,KOSPI
00238199,로지시스,067730,20240508,KOSDAQ
00414850,효성 ITX,094280,20240719,KOSPI
00945457,아이진,185490,20240408,KOSDAQ
01276594,신한알파리츠,293940,20240408,KOSPI
00115931,디오,039840,20240528,KOSDAQ
00604268,에이프로,262260,20240528,KOSDAQ
00587925,모아라이프플러스,142760,20240417,KOSDAQ
00988364,SGA솔루션즈,184230,20240801,KOSDAQ
00825223,화신정공,126640,20240425,KOSDAQ
00148984,시알홀딩스,000480,20240930,KOSPI
00606293,나이스디앤비,130580,20240930,KOSDAQ
01798980,유안타제15호스팩,473050,20240411,KOSDAQ
00652423,인바이오젠,101140,20240411,KOSPI
00127167,삼영무역,002810,20240531,KOSPI
00857480,사람인,143240,20250304,KOSDAQ
00101664,경보제약,214390,20250207,KOSPI
00983040,한진칼,180640,20240502,KOSPI
01510489,프레스티지바이오파마,950210,20240816,KOSPI
01232192,티디에스팜,464280,20240821,KOSDAQ
00209780,케이씨,029460,20241111,KOSPI
01181515,엘앤씨바이오,290650,20250305,KOSDAQ
00390860,대산F&B,065150,20250217,KOSDAQ
01233465,동국생명과학,303810,20250217,KOSDAQ
00265324,CJ ENM,035760,20250207,KOSDAQ
01658831,오름테라퓨틱,475830,20250221,KOSDAQ
00352064,프리엠스,053160,20240517,KOSDAQ
00136226,신성델타테크,065350,20241023,KOSDAQ
00562245,태웅로직스,124560,20250402,KOSDAQ
00403793,바이브컴퍼니,301300,20241010,KOSDAQ
01113718,올릭스,226950,20241010,KOSDAQ
00603348,케이아이엔엑스,093320,20240902,KOSDAQ
00369107,우리바이오,082850,20241113,KOSDAQ
01142260,에스엠씨지,460870,20250307,KOSDAQ
00258102,지엔코,065060,20241021,KOSDAQ
00111689,아진전자부품,009320,20241022,KOSPI
00797364,KC코트렐,119650,20241022,KOSPI
00130408,서산,079650,20241022,KOSDAQ
00129235,삼화왕관,004450,20241128,KOSPI
01641600,에이럭스,475580,20241101,KOSDAQ
00471068,덕산하이메탈,077360,20241104,KOSDAQ
01064069,토박스코리아,215480,20241104,KOSDAQ
01492651,큐로셀,372320,20240919,KOSDAQ
01803927,에이유브랜즈,481070,20250403,KOSDAQ
00766106,엣지파운드리,105550,20240620,KOSDAQ
01204056,하이브,352820,20240913,KOSPI
00113562,롯데손해보험,000400,20241202,KOSPI
00226316,호전실업,111110,20241203,KOSPI
00577380,신진에스엠,138070,20241210,KOSDAQ
01814233,미래에셋비전스팩4호,477380,20240529,KOSDAQ
01217014,트윔,290090,20240618,KOSDAQ
01381984,SKAI,357880,20250312,KOSDAQ
00160375,진양폴리우레탄,010640,20250312,KOSPI
00164788,현대모비스,012330,20250312,KOSPI
00119672,두올,016740,20240520,KOSPI
00330044,캠시스,050110,20240520,KOSDAQ
01583652,모니터랩,434480,20240520,KOSDAQ
01074862,메가스터디교육,215200,20240806,KOSDAQ
00124504,포스코인터내셔널,047050,20241002,KOSPI
00128032,삼일제약,000520,20241002,KOSPI
00441243,형지엘리트,093240,20241002,KOSPI
01814589,디비금융스팩12호,477760,20240618,KOSDAQ
00264255,바텍,043150,20241203,KOSDAQ
00269922,인바디,041830,20241203,KOSDAQ
00225706,JW생명과학,234080,20241203,KOSPI
00557508,GKL,114090,20241203,KOSPI
01540453,에이직랜드,445090,20240627,KOSDAQ
00373021,테라사이언스,073640,20241121,KOSDAQ
01866528,교보17호스팩,489210,20241121,KOSDAQ
00129013,CJ씨푸드,011150,20250106,KOSPI
00135795,신도리코,029530,20250106,KOSPI
00161125,한온시스템,018880,20250106,KOSPI
00596260,투비소프트,079970,20250106,KOSDAQ
00138792,아시아나항공,020560,20250117,KOSPI
00651901,에어부산,298690,20250117,KOSPI
00490090,이지케어텍,099750,20241115,KOSDAQ
01854408,신한제15호스팩,487830,20241115,KOSDAQ
01207901,사이냅소프트,466410,20241119,KOSDAQ
01847550,하나34호스팩,484130,20241119,KOSDAQ
00121039,명문제약,017180,20240703,KOSPI
00159731,글로본,019660,20250324,KOSDAQ
00159193,한국전력공사,015760,20240416,KOSPI
00105271,케이씨씨,002380,20240703,KOSPI
00123523,창해에탄올,004650,20240327,KOSDAQ
00124197,세아제강지주,003030,20240327,KOSPI
00264945,나이스정보통신,036800,20240327,KOSDAQ
00276834,KX하이텍,052900,20240327,KOSDAQ
01205851,HD현대일렉트릭,267260,20250326,KOSPI
01236897,제일약품,271980,20250326,KOSPI
01010642,지씨셀,144510,20250326,KOSDAQ
01217829,엔에프씨,265740,20250326,KOSDAQ
00317210,성호전자,043260,20241127,KOSDAQ
00153278,서연탑메탈,019770,20241216,KOSDAQ
01357765,큐라티스,348080,20241217,KOSDAQ
00260408,팜스코,036580,20241021,KOSPI
00405959,스타플렉스,115570,20250204,KOSDAQ
00351427,와이즈넛,096250,20250205,KOSDAQ
00415594,동국S&C,100130,20240327,KOSDAQ
00362238,휴비스,079980,20240327,KOSPI
00441447,케이씨티,089150,20240327,KOSDAQ
00495086,픽셀플러스,087600,20240327,KOSDAQ
01003040,케이사인,192250,20240327,KOSDAQ
01807738,하나32호스팩,475240,20240327,KOSDAQ
01283974,삐아,451250,20250228,KOSDAQ
00102432,계룡건설산업,013580,20240603,KOSPI
00230036,드래곤플라이,030350,20240603,KOSDAQ
00360036,백금T&A,046310,20240603,KOSDAQ
00567897,에스비비테크,389500,20240603,KOSDAQ
00125150,SGC에너지,005090,20240422,KOSPI
00371485,켐트로닉스,089010,20250102,KOSDAQ
01013694,인카금융서비스,211050,20250102,KOSDAQ
01159853,휴온스,243070,20250102,KOSDAQ
01310773,엔시스,333620,20250102,KOSDAQ
01179866,에스지헬스케어,398120,20250106,KOSDAQ
00453929,메디포스트,078160,20240701,KOSDAQ
00765462,씨에스베어링,297090,20241028,KOSDAQ
00670340,씨에스윈드,112610,20241028,KOSPI
00239639,삼표시멘트,038500,20240617,KOSDAQ
00532059,그린생명과학,114450,20240701,KOSDAQ
00580199,메디톡스,086900,20240701,KOSDAQ
00877059,삼성바이오로직스,207940,20240701,KOSPI
00926522,테고사이언스,191420,20240701,KOSDAQ
00102618,계양전기,012200,20240701,KOSPI
00297095,나라엠앤디,051490,20240701,KOSDAQ
00141246,SGC E&C,016250,20240426,KOSDAQ
00753643,주성코퍼레이션,109070,20240503,KOSPI
00104537,국영지앤엠,006050,20250326,KOSDAQ
00105855,엘에스일렉트릭,010120,20250326,KOSPI
00143907,원일특강,012620,20250326,KOSDAQ
00185046,SM C&C,048550,20250326,KOSDAQ
00918222,엘앤케이바이오,156100,20240812,KOSDAQ
00825959,하이비젼시스템,126700,20240701,KOSDAQ
00144650,유신,054930,20241202,KOSDAQ
00299464,초록뱀미디어,047820,20241202,KOSDAQ
00602136,디와이피엔에프,104460,20241202,KOSDAQ
00120571,롯데칠성음료,005300,20250326,KOSPI
00220969,오공,045060,20250326,KOSDAQ
00236863,희림,037440,20250326,KOSDAQ
00313649,현대바이오,048410,20250326,KOSDAQ
00231363,LG유플러스,032640,20250326,KOSPI
00487546,웰크론한텍,076080,20250326,KOSDAQ
00303873,CJ CGV,079160,20250326,KOSPI
00617314,타이거일렉,219130,20250328,KOSDAQ
00450931,우양에이치씨,101970,20250328,KOSDAQ
00161383,한미반도체,042700,20240328,KOSPI
00172680,동국산업,005160,20240802,KOSDAQ
00104388,국도화학,007690,20250131,KOSPI
00288343,삼영이엔씨,065570,20250212,KOSDAQ
00111999,대원제약,003220,20250102,KOSPI
00870481,에코캡,128540,20240401,KOSDAQ
01047169,지란지교시큐리티,208350,20240401,KOSDAQ
01078178,RFHIC,218410,20240401,KOSDAQ
01095722,심텍,222800,20240401,KOSDAQ
01288410,셀바이오휴먼텍,318160,20240401,KOSDAQ
01538528,에이에스텍,453860,20240401,KOSDAQ
01770203,조선내화,462520,20241206,KOSPI
01138595,뱅크웨어글로벌,199480,20240812,KOSDAQ
00132202,선진뷰티사이언스,086710,20250220,KOSDAQ
01139035,티에스아이,277880,20250220,KOSDAQ
01544468,이엔셀,456070,20250220,KOSDAQ
00367400,모티브링크,463480,20250220,KOSDAQ
00113410,CJ대한통운,000120,20240326,KOSPI
00216762,한양이엔지,045100,20240326,KOSDAQ
00131850,SK증권,001510,20240326,KOSPI
00536523,로보스타,090360,20240326,KOSDAQ
00660750,하나머티리얼즈,166090,20240326,KOSDAQ
01208751,아이에스티이,212710,20250212,KOSDAQ
01866926,KB제31호스팩,492220,20241212,KOSDAQ
00534701,세아메카닉스,396300,20241213,KOSDAQ
00124540,대우건설,047040,20241213,KOSPI
01857991,디비금융제13호스팩,489730,20241128,KOSDAQ
01316245,효성중공업,298040,20240326,KOSPI
01370863,그린리소스,402490,20240430,KOSDAQ
00528791,제일엠앤에스,412540,20240430,KOSDAQ
00629212,딜리,131180,20250219,KOSDAQ
00111810,대웅,003090,20241025,KOSPI
00259545,엠에스오토텍,123040,20250110,KOSDAQ
00159209,한전기술,052690,20250416,KOSPI
00868705,윈스테크넷,136540,20250416,KOSDAQ
00821607,알톤,123750,20250408,KOSDAQ
00155124,평화홀딩스,010770,20250109,KOSPI
00258801,카카오,035720,20240329,KOSPI
00297989,오르비텍,046120,20240329,KOSDAQ
00357360,한세엠케이,069640,20240329,KOSPI
00338170,이닉스,452400,20240329,KOSDAQ
00390055,종근당바이오,063160,20240329,KOSPI
00427483,대웅제약,069620,20240329,KOSPI
00397191,팬엔터테인먼트,068050,20240819,KOSDAQ
00445054,하나마이크론,067310,20240919,KOSDAQ
00155638,피에스텍,002230,20240828,KOSDAQ
01302853,아이씨에이치,368600,20240502,KOSDAQ
01804476,유안타제16호스팩,474490,20240502,KOSDAQ
00155319,POSCO홀딩스,005490,20250321,KOSPI
00157681,롯데정밀화학,004000,20250321,KOSPI
00939687,동일고무벨트,163560,20250321,KOSPI
00540641,동양고속,084670,20240329,KOSPI
00684802,에이플러스에셋,244920,20240329,KOSPI
00872984,이마트,139480,20240329,KOSPI
01385050,넥스트바이오메디컬,389650,20240820,KOSDAQ
00663669,폴라리스우노,114630,20250221,KOSDAQ
00385336,홈캐스트,064240,20250204,KOSDAQ
00672603,케이엔알시스템,199430,20250407,KOSDAQ
00113191,코리안리,003690,20250414,KOSPI
00103644,비츠로테크,042370,20250414,KOSDAQ
00126487,F&F 홀딩스,007700,20250414,KOSPI
00141389,KZ정밀,036560,20250414,KOSDAQ
00219486,신세계I&C,035510,20250414,KOSPI
01568413,F&F,383220,20250414,KOSPI
01880801,KB발해인프라,415640,20241129,KOSPI
00207375,대한뉴팜,054670,20250417,KOSDAQ
01765256,동국씨엠,460850,20250219,KOSPI
01519790,엠앤씨솔루션,484870,20250220,KOSPI
00623184,오늘이엔엠,192410,20250221,KOSDAQ
01516766,아이비젼웍스,469750,20250221,KOSDAQ
00132725,SB성보,003080,20250422,KOSPI
01276026,지놈앤컴퍼니,314130,20240329,KOSDAQ
01358463,현대무벡스,319400,20240329,KOSDAQ
01368354,네패스아크,330860,20240329,KOSDAQ
01270749,웨이비스,289930,20241025,KOSDAQ
01011526,엔켐,348370,20250417,KOSDAQ
01085026,유진테크놀로지,240600,20250409,KOSDAQ
01186404,디앤씨미디어,263720,20250416,KOSDAQ
00310156,셀루메드,049180,20241022,KOSDAQ
01747977,엘케이켐,489500,20250225,KOSDAQ
00166175,대호특수강,021040,20240718,KOSDAQ
01082348,오스테오닉,226400,20250306,KOSDAQ
00877174,엠브레인,169330,20240614,KOSDAQ
00119007,무림P&P,009580,20240701,KOSPI
00121507,무림SP,001810,20240701,KOSDAQ
01373709,아이씨티케이,456010,20250225,KOSDAQ
00156956,한국기업평가,034950,20240909,KOSDAQ
00136086,무림페이퍼,009200,20240701,KOSPI
00317681,메타바이오메드,059210,20240701,KOSDAQ
00326731,바이오니아,064550,20240701,KOSDAQ
00349060,한스바이오메드,042520,20240701,KOSDAQ
00447007,알리코제약,260660,20240701,KOSDAQ
00608440,티앤엘,340570,20240701,KOSDAQ
00767628,나이벡,138610,20240701,KOSDAQ
00971726,옵티팜,153710,20240701,KOSDAQ
01063954,수젠텍,253840,20240701,KOSDAQ
00226547,오상자이엘,053980,20250227,KOSDAQ
01161432,레이저옵텍,199550,20250217,KOSDAQ
01784394,STX그린로지스,465770,20250331,KOSPI
00108038,엔피씨,004250,20250401,KOSPI
00228059,휴온스글로벌,084110,20250401,KOSDAQ
00242934,케이엠,083550,20250401,KOSDAQ
01152470,펄어비스,263750,20240701,KOSDAQ
01700587,이노스페이스,462350,20240702,KOSDAQ
00247975,솔브레인홀딩스,036830,20250317,KOSDAQ
01275489,셀비온,308430,20241016,KOSDAQ
00962393,포인트모바일,318020,20240708,KOSDAQ
01801822,SK증권제13호스팩,473950,20240725,KOSDAQ
00109754,대림바스,005750,20250411,KOSPI
00521390,뉴파워프라즈마,144960,20241126,KOSDAQ
00878915,iM금융지주,139130,20250415,KOSPI
00263654,오스코텍,039200,20250415,KOSDAQ
00983916,HLB제넥스,187420,20241230,KOSDAQ
01877126,키움제10호스팩,487720,20250228,KOSDAQ
00256955,테이팩스,055490,20250319,KOSPI
00128412,삼진제약,005500,20250324,KOSPI
00164973,현대해상,001450,20250324,KOSPI
00606770,참좋은여행,094850,20250324,KOSDAQ
01592049,엔젤로보틱스,455900,20250324,KOSDAQ
00536541,에코프로,086520,20241227,KOSDAQ
00492353,파이오링크,170790,20250218,KOSDAQ
00374738,위세아이텍,065370,20240619,KOSDAQ
01817249,미래에셋비전스팩5호,477470,20240619,KOSDAQ
01250374,에스에스알,275630,20241219,KOSDAQ
01051472,젠큐릭스,229000,20250219,KOSDAQ
00688996,KB금융,105560,20250108,KOSPI
00296078,APS,054620,20250418,KOSDAQ
00871833,에스티팜,237690,20240625,KOSDAQ
01686427,에스오에스랩,464080,20240625,KOSDAQ
00151128,모토닉,009680,20240726,KOSPI
01834194,엔에이치스팩31호,481890,20240726,KOSDAQ
01845534,대신밸런스제19호스팩,482690,20241120,KOSDAQ
01445440,위츠,459100,20241120,KOSDAQ
01498576,유디엠텍,389680,20241120,KOSDAQ
00155355,풀무원,017810,20241209,KOSPI
00300405,오리엔트정공,065500,20241211,KOSDAQ
00150439,진양산업,003780,20250314,KOSPI
00112998,서울보증보험,031210,20250314,KOSPI
00661847,화인베스틸,133820,20250401,KOSPI
01105153,두산로보틱스,454910,20250401,KOSPI
00447575,제이앤티씨,204270,20250401,KOSDAQ
00480783,상신이디피,091580,20250401,KOSDAQ
01590528,아스테라시스,450950,20250124,KOSDAQ
00526599,덴티움,145720,20240715,KOSPI
01678312,아이빔테크놀로지,460470,20240806,KOSDAQ
01873272,키움제11호스팩,489480,20241211,KOSDAQ
01374717,미트박스,475460,20250123,KOSDAQ
01872219,유안타제17호스팩,493790,20250123,KOSDAQ
00186799,태웅,044490,20250314,KOSDAQ
00965813,미투온,201490,20241209,KOSDAQ
00486705,아주스틸,139990,20250109,KOSPI
00527002,화인써키트,127980,20250421,KOSDAQ
01492217,엑셀세라퓨틱스,373110,20240715,KOSDAQ
00173698,신일전자,002700,20240904,KOSPI
01020524,자이글,234920,20240904,KOSDAQ
00114792,동국홀딩스,001230,20240502,KOSPI
00135999,신라섬유,001000,20240502,KOSDAQ
01458161,티엑스알로보틱스,484810,20250320,KOSDAQ
00126186,삼성에스디에스,018260,20250320,KOSPI
00107987,남해화학,025860,20250131,KOSPI
00863533,삼양엔씨켐,482630,20250203,KOSDAQ
00223762,KT지니뮤직,043610,20250418,KOSDAQ
01526806,삼기에너지솔루션즈,419050,20250418,KOSDAQ
01688896,삼성FN리츠,448730,20241031,KOSPI
01854392,유진스팩11호,488060,20241031,KOSDAQ
00958327,지앤비에스 에코,382800,20241120,KOSDAQ
00156442,한국가구,004590,20240502,KOSDAQ
00206686,케이피엠테크,042040,20240502,KOSDAQ
00216647,원익홀딩스,030530,20240502,KOSDAQ
00222435,제이엠아이,033050,20240502,KOSDAQ
00267854,메디앙스,014100,20240502,KOSDAQ
00346407,크레오에스지,040350,20240502,KOSDAQ
01728167,아이지넷,462980,20250218,KOSDAQ
01881800,한화플러스제5호스팩,498390,20250320,KOSDAQ
00657002,에이디테크놀로지,200710,20250402,KOSDAQ
00141671,오리콤,010470,20240329,KOSDAQ
00149354,종근당홀딩스,001630,20240329,KOSPI
00152862,코오롱,002020,20240329,KOSPI
00357740,NHN KCP,060250,20240502,KOSDAQ
00384762,파커스,065690,20240502,KOSDAQ
00466428,아미노로직스,074430,20240502,KOSDAQ
00129509,한익스프레스,014130,20240827,KOSPI
01372782,엑스게이트,356680,20240827,KOSDAQ
01453944,벡트,457600,20241216,KOSDAQ
00223513,제이씨현시스템,033320,20250321,KOSDAQ
00121534,MH에탄올,023150,20250321,KOSPI
00366845,탑엔지니어링,065130,20250321,KOSDAQ
00126292,삼성카드,029780,20250321,KOSPI
00137252,사조동아원,008040,20250321,KOSPI
01796858,신영스팩10호,472220,20250321,KOSDAQ
00140177,GS리테일,007070,20250321,KOSPI
01813377,에이치엠씨제7호스팩,477340,20250321,KOSDAQ
00150633,지누스,013890,20250321,KOSPI
00556907,에이스테크,088800,20250401,KOSDAQ
00665676,아시아경제,127710,20250401,KOSDAQ
00666204,제너셈,217190,20250401,KOSDAQ
00799539,제노레이,122310,20250401,KOSDAQ
01105621,엔투텍,227950,20250401,KOSDAQ
01112889,피엔에이치테크,239890,20250401,KOSDAQ
00355089,토탈소프트,045340,20250214,KOSDAQ
00958664,신스틸,162300,20240522,KOSDAQ
00140168,HS애드,035000,20241008,KOSPI
01423916,온코크로스,382150,20250331,KOSDAQ
01444380,에이텀,355690,20250331,KOSDAQ
01472930,오브젠,417860,20250331,KOSDAQ
01579570,시큐레터,418250,20250331,KOSDAQ
01093007,LS에코에너지,229640,20250404,KOSPI
01203808,AP시스템,265520,20250404,KOSDAQ
00765897,한국피아이엠,448900,20250404,KOSDAQ
00301112,삼화네트웍스,046390,20241017,KOSDAQ
01408999,웨이버스,336060,20241018,KOSDAQ
01023211,와이제이링크,209640,20241018,KOSDAQ
00155258,포스코스틸리온,058430,20250325,KOSPI
00155276,포스코퓨처엠,003670,20250325,KOSPI
00204208,마니커,027740,20250325,KOSPI
00377610,세아홀딩스,058650,20250325,KOSPI
01032413,해성디에스,195870,20250325,KOSPI
01316254,HS효성첨단소재,298050,20250325,KOSPI
00927558,유바이오로직스,206650,20250401,KOSDAQ
00574611,SDN,099220,20240401,KOSDAQ
00613318,와이지엔터테인먼트,122870,20240401,KOSDAQ
01563922,엠오티,413390,20241118,KOSDAQ
01819867,미래에셋비전스팩6호,478440,20240624,KOSDAQ
00113234,대한제당,001790,20240701,KOSPI
00140566,한탑,002680,20240701,KOSDAQ
00121941,대상,001680,20240701,KOSPI
00192499,팜스토리,027710,20240701,KOSDAQ
00241209,모아텍,033200,20240701,KOSDAQ
00242378,이지홀딩스,035810,20240701,KOSDAQ
00370006,iMBC,052220,20240701,KOSDAQ
00142661,우성,006980,20240701,KOSPI
01226270,스톰테크,352090,20241008,KOSDAQ
00156691,한국공항,005430,20241122,KOSPI
00158149,한국쉘석유,002960,20241125,KOSPI
00303794,쇼박스,086980,20241125,KOSDAQ
00875307,야스,255440,20241125,KOSDAQ
00127158,씨아이테크,004920,20240503,KOSPI
00220622,서호전기,065710,20241126,KOSDAQ
01714997,신한글로벌액티브리츠,481850,20241127,KOSPI
00681373,디지캡,197140,20241210,KOSDAQ
01353024,TS트릴리온,317240,20250224,KOSDAQ
00445841,MDS테크,086960,20250224,KOSDAQ
00370255,테크엘,064520,20250226,KOSDAQ
00298447,아모텍,052710,20241206,KOSDAQ
00863038,캐리,313760,20241212,KOSDAQ
01492688,드림인사이트,362990,20240906,KOSDAQ
01841635,미래에셋비전스팩7호,482680,20240911,KOSDAQ
01153105,비비씨,318410,20240911,KOSDAQ
00816933,진영,285800,20250224,KOSDAQ
00149345,조흥,002600,20240701,KOSPI
00449254,쎄트렉아이,099320,20240701,KOSDAQ
00545734,아미코젠,092040,20240701,KOSDAQ
00560849,에스앤디,260970,20240701,KOSDAQ
00428321,해태제과식품,101530,20240701,KOSPI
00397252,조이시티,067000,20241219,KOSDAQ
00435969,인피니트헬스케어,071200,20241219,KOSDAQ
00108913,대교,019680,20250326,KOSPI
01168684,스튜디오드래곤,253450,20240830,KOSDAQ
00576798,디아이티,110990,20240418,KOSDAQ
00592653,유비벨록스,089850,20240418,KOSDAQ
00116824,동아쏘시오홀딩스,000640,20240809,KOSPI
00956930,동아에스티,170900,20240809,KOSPI
01601222,씨피시스템,413630,20240809,KOSDAQ
00299844,미래반도체,254490,20250224,KOSDAQ
00650771,하이젠알앤엠,160190,20250224,KOSDAQ
00579139,한국맥널티,222980,20240701,KOSDAQ
00855093,선진,136490,20240701,KOSPI
00986898,팜스빌,318010,20240701,KOSDAQ
01167056,샘표식품,248170,20240701,KOSPI
01205329,크라운제과,264900,20240701,KOSPI
01632912,온코닉테라퓨틱스,476060,20241219,KOSDAQ
00101488,경동나비엔,009450,20250327,KOSPI
00107066,남광토건,001260,20250327,KOSPI
00158565,한국알콜,017890,20250327,KOSDAQ
00118026,동원산업,006040,20250327,KOSPI
00184667,유진기업,023410,20250327,KOSDAQ
00200910,아이즈비전,031310,20250327,KOSDAQ
00125521,에스엘,005850,20250327,KOSPI
00131832,SK디스커버리,006120,20250327,KOSPI
00329093,코데즈컴바인,047770,20250327,KOSDAQ
00528515,한라IMS,092460,20250327,KOSDAQ
00145190,유화증권,003460,20250327,KOSPI
01851650,KB제30호스팩,486630,20240925,KOSDAQ
00442154,제이엔케이글로벌,126880,20250224,KOSDAQ
01453670,휴럼,353190,20240701,KOSDAQ
01491607,오에스피,368970,20240701,KOSDAQ
00101549,경동제약,011040,20240701,KOSDAQ
00103015,고려제약,014570,20240701,KOSDAQ
00113128,대한약품,023910,20240701,KOSDAQ
00114686,동구바이오제약,006620,20240701,KOSDAQ
00114808,동국제약,086450,20240701,KOSDAQ
00540863,GST,083450,20250327,KOSDAQ
00156488,휴스틸,005010,20250327,KOSPI
00614478,휴메딕스,200670,20250327,KOSDAQ
00656289,코스맥스엔비티,222040,20250327,KOSDAQ
00991298,씨이랩,189330,20250327,KOSDAQ
00163761,한창제지,009460,20250327,KOSPI
00106614,기신정기,092440,20240813,KOSPI
00557933,진도,088790,20240829,KOSPI
01663569,하스,450330,20240910,KOSDAQ
01110182,SCL사이언스,246960,20240904,KOSDAQ
00122551,백산,035150,20250103,KOSPI
00140946,한솔로지스틱스,009180,20250103,KOSPI
00139205,안국약품,001540,20250103,KOSDAQ
00534598,한컴라이프케어,372910,20250103,KOSPI
00577016,수산아이앤티,050960,20241129,KOSDAQ
00123718,부광약품,003000,20240701,KOSPI
00126414,삼성제약,001360,20240701,KOSPI
00126788,삼아제약,009300,20240701,KOSDAQ
00136448,신신제약,002800,20240701,KOSDAQ
00137058,신일제약,012790,20240701,KOSDAQ
00141149,영진약품,003520,20240701,KOSPI
00144818,유유제약,000220,20240701,KOSPI
00158963,유나이티드,033270,20240701,KOSPI
00161046,한독,002390,20240701,KOSPI
00167192,넥센,005720,20250327,KOSPI
01098792,본느,226340,20250327,KOSDAQ
01181807,형지글로벌,308100,20250327,KOSDAQ
01211232,코윈테크,282880,20250327,KOSDAQ
00854997,에스디바이오센서,137310,20250327,KOSPI
00157399,한솔테크닉스,004710,20240909,KOSPI
01605282,닷밀,464580,20250225,KOSDAQ
00164706,현대약품,004310,20240701,KOSPI
00166573,환인제약,016580,20240701,KOSPI
00210740,대화제약,067080,20240701,KOSDAQ
00216027,바이넥스,053030,20240701,KOSDAQ
00231831,조아제약,034940,20240701,KOSDAQ
00256043,비씨월드제약,200780,20240701,KOSDAQ
00541349,셀트리온제약,068760,20240701,KOSDAQ
00765851,위더스제약,330350,20240701,KOSDAQ
00359395,헬릭스미스,084990,20250115,KOSDAQ
00937324,한국타이어앤테크놀로지,161390,20250327,KOSPI
01245062,코오롱티슈진,950160,20250327,KOSDAQ
01108099,현대코퍼레이션홀딩스,227840,20250327,KOSPI
01290381,피엔케이피부임상연구센타,347740,20240401,KOSDAQ
00446901,코칩,126730,20240507,KOSDAQ
01798722,SK증권제12호스팩,473000,20240507,KOSDAQ
00992871,종근당,185750,20240701,KOSPI
01012066,HK이노엔,195940,20240701,KOSDAQ
00148832,제주은행,006220,20250206,KOSPI
00109310,대동기어,008830,20250328,KOSDAQ
00128111,포스코엠텍,009520,20250328,KOSDAQ
00130763,서울반도체,046890,20250328,KOSDAQ
00219574,코스맥스비티아이,044820,20250328,KOSPI
00153375,태광,023160,20250328,KOSDAQ
00156910,SBI인베스트먼트,019550,20250328,KOSDAQ
00589127,KEC,092220,20250328,KOSPI
01009789,코스맥스,192820,20250328,KOSPI
01412725,두산퓨얼셀,336260,20250328,KOSPI
00488402,서울바이오시스,092190,20250328,KOSDAQ
00668965,지오엘리먼트,311320,20250210,KOSDAQ
00249894,테라젠이텍스,066700,20241015,KOSDAQ
01165155,모비스,250060,20241015,KOSDAQ
00184889,이건홀딩스,039020,20241017,KOSDAQ
00899556,제룡산업,147830,20240709,KOSDAQ
01807747,신한제13호스팩,474930,20240710,KOSDAQ
01809569,신한제12호스팩,474660,20240710,KOSDAQ
00117966,동원개발,013120,20250331,KOSDAQ
00122481,태경비케이,014580,20250331,KOSPI
01274329,성일하이텍,365340,20240926,KOSDAQ
00162072,한신기계공업,011700,20241030,KOSPI
01689266,케이쓰리아이,431190,20250225,KOSDAQ
00121154,엠에스씨,009780,20250331,KOSDAQ
00141307,영풍,000670,20250331,KOSPI
00158219,시그네틱스,033170,20250331,KOSDAQ
00205003,좋은사람들,033340,20250331,KOSDAQ
00157991,한국석유공업,004090,20250331,KOSPI
00259590,바른손이앤에이,035620,20250331,KOSDAQ
00262266,삼현,437730,20250331,KOSDAQ
00267906,베뉴지,019010,20250331,KOSDAQ
00203315,콘텐트리중앙,036420,20250331,KOSPI
01008762,데브시스터즈,194480,20250211,KOSDAQ
00175173,오스템,031510,20240325,KOSDAQ
00253985,국보디자인,066620,20240325,KOSDAQ
00126779,삼아알미늄,006110,20240325,KOSPI
00138516,아남전자,008700,20240325,KOSPI
00191472,KPX케미칼,025000,20240325,KOSPI
00788773,씨젠,096530,20240325,KOSDAQ
01553129,제이투케이바이오,420570,20240325,KOSDAQ
00104856,삼성증권,016360,20240322,KOSPI
00105961,LG이노텍,011070,20240322,KOSPI
00126256,삼성생명,032830,20240322,KOSPI
00415707,엔텔스,069410,20240322,KOSDAQ
00126478,삼성중공업,010140,20240322,KOSPI
00136378,신세계,004170,20240322,KOSPI
00137997,현대차증권,001500,20240322,KOSPI
00166519,화천기공,000850,20240322,KOSPI
01663116,에어레인,163280,20241108,KOSDAQ
00400121,유아이디,069330,20250225,KOSDAQ
00819374,나무가,190510,20240723,KOSDAQ
01109070,비피도,238200,20241212,KOSDAQ
00148470,제일일렉트릭,199820,20250224,KOSDAQ
01436558,신한서부티엔디리츠,404990,20240408,KOSPI
00103006,고려제강,002240,20240401,KOSPI
00105466,KCC건설,021320,20240401,KOSDAQ
00109037,대성창투,027830,20240401,KOSDAQ
00113614,대현,016090,20240401,KOSPI
00525934,LX세미콘,108320,20240322,KOSPI
00146861,자화전자,033240,20250225,KOSPI
00317104,라이온켐텍,171120,20250331,KOSDAQ
00346610,시지메드텍,056090,20250331,KOSDAQ
00372226,티에스이,131290,20250331,KOSDAQ
00361488,텔코웨어,078000,20250331,KOSPI
00852087,시디즈,134790,20250331,KOSPI
00494476,이녹스,088390,20250331,KOSDAQ
00535481,에스와이,109610,20250331,KOSDAQ
00540447,유니테스트,086390,20250331,KOSDAQ
01493793,코셈,360350,20240801,KOSDAQ
01448544,셀로맥스사이언스,471820,20250225,KOSDAQ
00117188,효성,004800,20250325,KOSPI
00117601,유안타증권,003470,20240401,KOSPI
00169215,에너토크,019990,20240401,KOSDAQ
00187725,코콤,015710,20240401,KOSDAQ
00131939,선도전기,007610,20240401,KOSPI
00159573,한국주철관공업,000970,20240401,KOSPI
00246620,케이엘넷,039420,20240401,KOSDAQ
01128622,이스트에이드,239340,20240513,KOSDAQ
00129642,상신브레이크,041650,20241008,KOSPI
00137368,신풍,002870,20241008,KOSPI
00547510,툴젠,199800,20250331,KOSDAQ
00573269,에스코넥,096630,20250331,KOSDAQ
00657987,KX,122450,20250331,KOSDAQ
00675594,디티앤씨,187220,20250331,KOSDAQ
01217795,엠에프씨,432980,20250331,KOSDAQ
01237540,이녹스첨단소재,272290,20250331,KOSDAQ
01390399,솔트웨어,328380,20250228,KOSDAQ
00367604,SM Life Design,063440,20250325,KOSDAQ
00125743,현대비앤지스틸,004560,20250325,KOSPI
00656951,현대이지웰,090850,20250325,KOSDAQ
00130684,서울도시가스,017390,20250325,KOSPI
00155212,포스코DX,022100,20250325,KOSPI
01027828,퓨릿,445180,20250325,KOSDAQ
00250137,와이어블,065530,20240401,KOSDAQ
00261957,한국정보공학,039740,20240401,KOSDAQ
00269889,누리플렉스,040160,20240401,KOSDAQ
01025644,강스템바이오텍,217730,20251204,KOSDAQ
00475985,시너지이노베이션,048870,20250908,KOSDAQ
00138598,아비코전자,036010,20260406,KOSDAQ
00297448,플래스크,041590,20260520,KOSDAQ
01118281,피플바이오,304840,20260520,KOSDAQ
01709065,마키나락스,477850,20260520,KOSDAQ
00876643,캐프,198080,20251027,KOSDAQ
01882845,GS피앤엘,499790,20260320,KOSPI
01071944,미래생명자원,218150,20260327,KOSDAQ
01933981,비엔케이제3호스팩,0068Y0,20251121,KOSDAQ
01782004,뉴로핏,380550,20251201,KOSDAQ
01263022,BGF리테일,282330,20250715,KOSPI
00219097,BGF,027410,20250715,KOSPI
01335143,로킷헬스케어,376900,20260310,KOSDAQ
00161426,한미사이언스,008930,20251014,KOSPI
01042429,넥써쓰,205500,20251015,KOSDAQ
00814582,탑런토탈솔루션,336680,20251104,KOSDAQ
01760738,OCI,456040,20251117,KOSPI
01602638,한싹,430690,20260331,KOSDAQ
00942131,앤디포스,238090,20260122,KOSDAQ
00148461,제일연마,001560,20260311,KOSPI
00385363,빅텍,065450,20250805,KOSDAQ
00119195,동화약품,000020,20250807,KOSPI
00265421,인지디스플레,037330,20250807,KOSDAQ
00914341,아이티켐,309710,20250807,KOSDAQ
00106623,현대위아,011210,20250811,KOSPI
00172228,엔케이,085310,20250811,KOSPI
00416414,넥스턴앤롤코리아,089140,20251114,KOSDAQ
00659161,싸이맥스,160980,20250909,KOSDAQ
01428948,오아,342870,20250909,KOSDAQ
00631518,SK이노베이션,096770,20260609,KOSPI
01596221,세미티에스,0017J0,20260610,KOSDAQ
01466373,알트,459550,20251117,KOSDAQ
00204642,티비씨,033830,20250724,KOSDAQ
00288495,HC홈센타,060560,20250724,KOSDAQ
00568461,HC보광산업,225530,20250724,KOSDAQ
00203847,국일신동,060480,20260408,KOSDAQ
00104810,소노스퀘어,007720,20250701,KOSDAQ
00125974,삼부토건,001470,20250701,KOSPI
00375931,인선이엔티,060150,20250701,KOSDAQ
00885906,에이치와이티씨,148930,20250701,KOSDAQ
01397903,엔젠바이오,354200,20250701,KOSDAQ
00519252,THE E&M,089230,20260119,KOSDAQ
01405585,윙스풋,335870,20260119,KOSDAQ
00145914,인터엠,017250,20251114,KOSDAQ
01010615,세나테크놀로지,061090,20251121,KOSDAQ
00208134,KNN,058400,20251121,KOSDAQ
01099667,에스디생명공학,217480,20260316,KOSDAQ
00667425,에이팩트,200470,20260316,KOSDAQ
00121969,에쓰씨엔지니어링,023960,20260316,KOSPI
00977650,엔케이젠바이오텍코리아,182400,20260316,KOSDAQ
00440712,리튬포어스,073570,20260316,KOSDAQ
00243979,수성웹툰,084180,20251014,KOSDAQ
00128980,삼호개발,010960,20251124,KOSPI
00159616,두산에너빌리티,034020,20260320,KOSPI
00164742,현대자동차,005380,20260331,KOSPI
01310269,IPARK현대산업개발,294870,20260410,KOSPI
00524421,테스,095610,20260410,KOSDAQ
00966168,디알젬,263690,20260410,KOSDAQ
00683061,한라캐스트,125490,20250820,KOSDAQ
01957909,삼성스팩13호,0115H0,20260121,KOSDAQ
01584934,핑거스토리,417180,20260312,KOSDAQ
01259418,대보마그네틱,290670,20251121,KOSDAQ
00486875,우양,103840,20251124,KOSDAQ
00356370,LG생활건강,051900,20251128,KOSPI
00220109,알파AI,043100,20251128,KOSDAQ
00367695,에이전트AI,060900,20251128,KOSDAQ
01571107,오픈엣지테크놀로지,394280,20251128,KOSDAQ
01946532,삼성스팩12호,0096B0,20251128,KOSDAQ
00560982,바이오솔루션,086820,20251201,KOSDAQ
01885222,대신밸류리츠,0030R0,20250711,KOSPI
01267967,마이크로디지탈,305090,20250711,KOSDAQ
01867758,한화비전,489790,20250804,KOSPI
00693554,티케이케미칼,104480,20250804,KOSDAQ
00349097,케이티스카이라이프,053210,20260528,KOSPI
00422895,세이브존I&C,067830,20260316,KOSPI
00122205,졸스,018700,20260521,KOSDAQ
00372873,KTis,058860,20260528,KOSPI
00537832,푸른로보틱스,094940,20260528,KOSDAQ
00372882,KTcs,058850,20260528,KOSPI
01116265,카티스,140430,20260528,KOSDAQ
00571483,오이솔루션,138080,20251022,KOSDAQ
01512575,코어라인소프트,384470,20260416,KOSDAQ
01506617,쓰리빌리언,394800,20260224,KOSDAQ
00356839,메디콕스,054180,20251210,KOSDAQ
01817920,페스카로,0015S0,20251210,KOSDAQ
00100939,강남제비스코,000860,20260102,KOSPI
00135777,신대양제지,016590,20260102,KOSPI
00229021,인성정보,033230,20260102,KOSDAQ
00146296,일신석재,007110,20260102,KOSPI
00562360,에코볼트,097780,20260102,KOSDAQ
01219155,네오크레마,311390,20260102,KOSDAQ
01326279,아이엘,307180,20250804,KOSDAQ
01534577,청담글로벌,362320,20250805,KOSDAQ
00114154,디와이덕양,024900,20250924,KOSPI
01965324,삼성에피스홀딩스,0126Z0,20260108,KOSPI
00390408,인크레더블버즈,064090,20260529,KOSDAQ
01141599,아리바이오LAB,261780,20260529,KOSDAQ
00137207,유니켐,011330,20260602,KOSPI
00109268,대동스틸,048470,20260602,KOSDAQ
00426086,티케이지휴켐스,069260,20260602,KOSPI
00303703,CS,065770,20260602,KOSDAQ
00936787,애경케미칼,161000,20260602,KOSPI
00336817,HLB제약,047920,20250813,KOSDAQ
00899459,레이언스,228850,20260602,KOSDAQ
00522007,크리스에프앤씨,110790,20251126,KOSDAQ
00108649,TPC로보틱스,048770,20260417,KOSDAQ
00287812,에코심플렉스,038870,20260417,KOSDAQ
00526951,신화프리텍,095190,20260417,KOSDAQ
01157846,바이오포트,188040,20260417,KOSDAQ
00149770,중앙에너비스,000440,20260302,KOSDAQ
00516246,알에프세미,096610,20260305,KOSDAQ
00197759,미래산업,025560,20260310,KOSPI
00962922,팬젠,222110,20260310,KOSDAQ
00146232,일성건설,013360,20260310,KOSPI
00146427,한주에이알티,058450,20260508,KOSDAQ
00298377,아이씨디,040910,20260508,KOSDAQ
00638487,파수AI,150900,20260508,KOSDAQ
00809429,뉴온,123840,20260508,KOSDAQ
00958451,한선엔지니어링,452280,20260508,KOSDAQ
01182408,소프트캠프,258790,20260508,KOSDAQ
01495180,파로스아이바이오,388870,20260508,KOSDAQ
00153524,태림포장,011280,20260102,KOSPI
01294110,에스엔시스,0008Z0,20260102,KOSDAQ
00362441,현대오토에버,307950,20260102,KOSPI
00111704,한화오션,042660,20260306,KOSPI
01549472,대진첨단소재,393970,20260316,KOSDAQ
00169048,HLB글로벌,003580,20260316,KOSPI
00296290,키움증권,039490,20260317,KOSPI
00645089,NHN벅스,104200,20260512,KOSDAQ
01210190,모비릭스,348030,20260604,KOSDAQ
00983934,아이스크림에듀,289010,20260605,KOSDAQ
00117577,오리온홀딩스,001800,20260609,KOSPI
00351375,뉴보텍,060260,20260609,KOSDAQ
01203312,케이뱅크,279570,20260609,KOSPI
00791209,메타케어,118000,20260310,KOSPI
00627029,DGI,099520,20260310,KOSDAQ
01084294,오토앤,353590,20260310,KOSDAQ
00580065,월덱스,101160,20260310,KOSDAQ
00231044,우리기술,032820,20260310,KOSDAQ
00113544,대한화섬,003830,20250502,KOSPI
00163673,한진중공업홀딩스,003480,20260306,KOSPI
00624998,제닉,123330,20260306,KOSDAQ
00123772,부국증권,001270,20260306,KOSPI
00128607,삼천리자전거,024950,20260306,KOSDAQ
00206039,경남스틸,039240,20260309,KOSDAQ
00163716,한창,005110,20260309,KOSPI
01244601,카카오페이,377300,20260308,KOSPI
01136977,마녀공장,439090,20260316,KOSDAQ
01412822,솔루스첨단소재,336370,20260316,KOSPI
00232821,에이치엠넥스,036170,20260223,KOSDAQ
00110431,JW신약,067290,20260224,KOSDAQ
00608316,대한과학,131220,20260224,KOSDAQ
00426068,엑시온그룹,069920,20260609,KOSDAQ
00632845,노랑풍선,104620,20260311,KOSDAQ
01513440,파이버프로,368770,20260311,KOSDAQ
00977641,하이로닉,149980,20260311,KOSDAQ
00127200,삼영전자공업,005680,20260312,KOSPI
01166109,예선테크,250930,20260312,KOSDAQ
00124799,사조산업,007160,20250502,KOSPI
00260657,오상헬스케어,036220,20250502,KOSDAQ
00264714,SG&G,040610,20250502,KOSDAQ
00361008,한화엔진,082740,20260309,KOSPI
01217865,프롬바이오,377220,20260311,KOSDAQ
01689035,민테크,452200,20260318,KOSDAQ
00177320,대성미생물,036480,20260325,KOSDAQ
00384887,에이테크솔루션,071670,20260320,KOSDAQ
00549891,케어젠,214370,20260225,KOSDAQ
01462739,비아이매트릭스,413640,20260421,KOSDAQ
00407294,유라클,088340,20260224,KOSDAQ
00152589,코리아나,027050,20250521,KOSDAQ
00793155,핸디소프트,220180,20250910,KOSDAQ
00405506,삼영에스앤씨,361670,20250911,KOSDAQ
01133217,카카오뱅크,323410,20260313,KOSPI
00579980,아이티엠반도체,084850,20260313,KOSDAQ
00497631,티플랙스,081150,20250502,KOSDAQ
00874803,AP위성,211270,20250502,KOSDAQ
00875237,씨앤투스,352700,20250502,KOSDAQ
01311055,쿠콘,294570,20250502,KOSDAQ
01327746,보로노이,310210,20250502,KOSDAQ
01806951,폰드그룹,472850,20250502,KOSDAQ
01325979,세아제강,306200,20250515,KOSPI
00110893,대신증권,003540,20260325,KOSPI
00115676,KG스틸,016380,20260325,KOSPI
00225742,LS마린솔루션,060370,20260325,KOSDAQ
00120030,GS건설,006360,20260325,KOSPI
00245694,남화산업,111710,20260325,KOSDAQ
00128555,삼천리,004690,20260325,KOSPI
00255275,HB테크놀러지,078150,20260325,KOSDAQ
00134510,SJG세종,033530,20260325,KOSPI
00166315,화신,010690,20260325,KOSPI
00330424,LS증권,078020,20260325,KOSDAQ
00415327,중앙백신,072020,20260325,KOSDAQ
00191588,삼원강재,023000,20260325,KOSPI
00453442,해성에어로보틱스,059270,20260325,KOSDAQ
00222532,LG헬로비전,037560,20260325,KOSPI
00524786,비엠티,086670,20260325,KOSDAQ
00300548,현대리바트,079430,20260325,KOSPI
00406046,HD현대마린엔진,071970,20260325,KOSPI
00530185,이엔에프테크놀로지,102710,20260325,KOSDAQ
00366438,산일전기,062040,20250507,KOSPI
00244561,그래디언트,035080,20250507,KOSDAQ
01015160,PS일렉트로닉스,332570,20250507,KOSDAQ
00113492,깨끗한나라,004540,20251204,KOSPI
01292291,파두,440110,20260203,KOSDAQ
00377018,기가레인,049080,20260305,KOSDAQ
00671376,트리니티항공,091810,20260514,KOSPI
01565364,폴레드,487580,20260514,KOSDAQ
00110750,플루토스,019570,20260604,KOSDAQ
01671285,쿼드메디슨,464490,20260226,KOSDAQ
01455410,파인메딕스,387570,20250701,KOSDAQ
01016309,한켐,457370,20250911,KOSDAQ
01214248,뉴트리,270870,20260313,KOSDAQ
01818682,한국제15호스팩,479880,20260313,KOSDAQ
00359261,빛샘전자,072950,20260313,KOSDAQ
00178790,동양이엔피,079960,20260317,KOSDAQ
00410915,서울옥션,063170,20260319,KOSDAQ
00155692,우리엔터프라이즈,037400,20251002,KOSDAQ
00308896,셀피글로벌,068940,20251002,KOSDAQ
00643656,위메이드맥스,101730,20260325,KOSDAQ
01012987,아모센스,357580,20260325,KOSDAQ
00635134,CJ제일제당,097950,20260325,KOSPI
01113754,티이엠씨씨엔에스,241790,20260325,KOSDAQ
00759513,LX하우시스,108670,20260325,KOSPI
01144569,피엔티엠에스,257370,20260325,KOSDAQ
01194689,HD현대마린솔루션,443060,20260325,KOSPI
01409022,페니트리움바이오,187660,20260325,KOSDAQ
01208885,경동도시가스,267290,20260325,KOSPI
01267170,SK케미칼,285130,20260325,KOSPI
01480780,NH올원리츠,400760,20260325,KOSPI
00127042,SYTS,002170,20260421,KOSPI
00137915,엠엑스로보틱스,007820,20260421,KOSDAQ
00670766,엠엑스온,347890,20260421,KOSDAQ
01407158,이노테나,333050,20260421,KOSDAQ
01588189,씨메스로보틱스,475400,20260421,KOSDAQ
01605529,버넥트,438700,20251017,KOSDAQ
00255044,현대에이치티,039010,20251111,KOSDAQ
00869272,서전기전,189860,20260306,KOSDAQ
00219361,해성산업,034810,20260310,KOSDAQ
01293485,제닉스로보틱스,381620,20260312,KOSDAQ
00217743,화성밸브,039610,20260316,KOSDAQ
01189438,HLB바이오스텝,278650,20260316,KOSDAQ
00454946,그린케미칼,083420,20260317,KOSPI
00123143,보령,003850,20260318,KOSPI
01259311,푸드나무,290720,20260522,KOSDAQ
00156150,엑시큐어하이트론,019490,20260522,KOSPI
00259934,예림당,036000,20260608,KOSDAQ
00144252,유니온,000910,20260304,KOSPI
00156600,한주라이트메탈,198940,20260304,KOSDAQ
00160843,DB하이텍,000990,20260304,KOSPI
00626464,지엔씨에너지,119850,20260304,KOSDAQ
00687711,한국철강,104700,20260304,KOSPI
01551042,애드포러스,397810,20260304,KOSDAQ
01214743,더네이쳐홀딩스,298540,20260308,KOSDAQ
00624518,다산솔루에타,154040,20260309,KOSDAQ
00493185,제이스로보틱스,090470,20260427,KOSDAQ
01065679,이노인스트루먼트,215790,20260427,KOSDAQ
01175499,큐에이드,377460,20260427,KOSDAQ
01329957,국전,307750,20260427,KOSDAQ
00911955,잇츠한불,226320,20250520,KOSPI
00160302,코스모화학,005420,20260319,KOSPI
01594791,나우로보틱스,459510,20260323,KOSDAQ
00158015,한국선재,025550,20260324,KOSDAQ
00117726,DYP,092780,20260324,KOSPI
01146822,아이퀘스트,262840,20251002,KOSDAQ
01762569,이수스페셜티케미컬,457190,20251028,KOSPI
00122472,PKC,001340,20260318,KOSPI
00606886,엔지켐생명과학,183490,20260323,KOSDAQ
01976418,대신밸런스제20호스팩,0134X0,20260605,KOSDAQ
01430475,코람코라이프인프라리츠,357120,20260609,KOSPI
00154329,TP,007980,20260309,KOSPI
01585155,오픈놀,440320,20260309,KOSDAQ
00164478,현대건설,000720,20260309,KOSPI
00401731,LG전자,066570,20260324,KOSPI
00189538,피델릭스,032580,20260324,KOSDAQ
01060744,한솔제지,213500,20260324,KOSPI
00265041,삼양케이씨아이,036670,20260324,KOSDAQ
00463342,폴라리스AI파마,041910,20260324,KOSDAQ
01060814,삼양패키징,272550,20260324,KOSPI
01316227,효성티앤씨,298020,20260324,KOSPI
01506848,비스토스,419540,20260324,KOSDAQ
01063884,솔디펜스,215090,20250814,KOSDAQ
01153293,제이엘케이,322510,20250729,KOSDAQ
00306454,한국정보인증,053300,20260515,KOSDAQ
00648721,SNT에너지,100840,20260515,KOSPI
00493510,뉴프렉스,085670,20260515,KOSDAQ
00799070,딥커머스,900110,20260515,KOSDAQ
00109514,티웨이홀딩스,004870,20260608,KOSPI
01238169,오리온,271560,20260608,KOSPI
00923826,일월지엠엘,178780,20260309,KOSDAQ
00134176,세우글로벌,013000,20260310,KOSPI
00113225,대한제강,084010,20260310,KOSPI
00814786,티엔엔터테인먼트,131100,20260311,KOSDAQ
00545929,제넥신,095700,20260311,KOSDAQ
00339391,한화시스템,272210,20260327,KOSPI
01075126,사토시홀딩스,223310,20250929,KOSDAQ
00838500,엘브이엠씨,900140,20260408,KOSPI
00129989,코스모신소재,005070,20260515,KOSPI
01755259,피스피스스튜디오,0117P0,20260608,KOSDAQ
01109937,티앤알바이오팹,246710,20260312,KOSDAQ
00163345,DB,012030,20260314,KOSPI
00411048,에스앤에스텍,101490,20260316,KOSDAQ
00148276,제일기획,030000,20250605,KOSPI
00365989,모나용평,070960,20250826,KOSPI
00319272,성우,458650,20250826,KOSDAQ
01101254,케이피항공산업,288180,20260519,KOSDAQ
01336762,스피어,347700,20250428,KOSDAQ
00128315,삼지전자,037460,20260317,KOSDAQ
00146560,일지테크,019540,20260318,KOSDAQ
00105101,INVENI,015360,20260319,KOSPI
00101752,케이씨피드,025880,20260319,KOSDAQ
00309503,한국항공우주,047810,20260319,KOSPI
00161462,에이티넘인베스트,021080,20260319,KOSDAQ
00245472,티씨케이,064760,20260319,KOSDAQ
00454937,덕신이피씨,090410,20260319,KOSDAQ
00363769,NICE인프라,063570,20260319,KOSDAQ
01210677,씨케이솔루션,480370,20260507,KOSPI
01380578,도우인시스,484120,20250723,KOSDAQ
01182240,배럴,267790,20250725,KOSDAQ
00162461,한화솔루션,009830,20250725,KOSPI
00763701,헥토파이낸셜,234340,20260409,KOSDAQ
01135057,녹십자웰빙,234690,20260429,KOSDAQ
01246034,다이나믹솔루션,290660,20260429,KOSDAQ
01419205,피앤에스로보틱스,460940,20260429,KOSDAQ
01468061,레뷰코퍼레이션,443250,20260429,KOSDAQ
01279698,채비,0011T0,20260429,KOSDAQ
01082418,SAMG엔터,419530,20260528,KOSDAQ
00831428,옵투스제약,131030,20260604,KOSDAQ
01649204,달바글로벌,483650,20250522,KOSPI
00137289,이엘씨,041520,20250522,KOSDAQ
00520887,비상교육,100220,20260319,KOSPI
00302582,캐스텍코리아,071850,20260320,KOSDAQ
01784677,키움히어로제1호스팩,466690,20260320,KOSDAQ
00158501,에스원,012750,20260320,KOSPI
01859500,아이엠바이오로직스,493280,20260320,KOSDAQ
00159786,유니드,014830,20260320,KOSPI
00508274,일진다이아,081000,20260320,KOSPI
00544452,이리츠코크렙,088260,20260320,KOSPI
00683469,일진전기,103590,20260320,KOSPI
00972503,일진하이솔루스,271940,20260320,KOSPI
01234297,미원에스씨,268280,20260320,KOSPI
01708163,엔알비,475230,20250728,KOSDAQ
00200275,YTN,040300,20250729,KOSDAQ
00381756,티씨머티리얼즈,125020,20250729,KOSDAQ
01688568,프로티나,468530,20250729,KOSDAQ
01454341,플래티어,367000,20250729,KOSDAQ
01049167,롤링스톤,214610,20260324,KOSDAQ
00413046,셀트리온,068270,20260325,KOSPI
00228536,현대에버다임,041440,20260209,KOSDAQ
01211889,이지스,261520,20260209,KOSDAQ
00144720,와이투솔루션,011690,20260211,KOSPI
00203290,콜마홀딩스,024720,20260316,KOSPI
00297934,피씨디렉트,051380,20260330,KOSDAQ
00161709,퍼시스,016800,20260330,KOSPI
00304076,케이엔솔,053080,20260330,KOSDAQ
00165583,E1,017940,20260330,KOSPI
00309831,알에프텍,061040,20260330,KOSDAQ
00363927,NE능률,053290,20260330,KOSDAQ
00210856,코아스,071950,20260330,KOSPI
00225159,SNT홀딩스,036530,20260330,KOSPI
00407814,CG인바이츠,083790,20260330,KOSDAQ
00404701,한국자산신탁,123890,20260330,KOSPI
00486370,성창오토텍,080470,20260330,KOSDAQ
00633835,HJ중공업,097230,20260330,KOSPI
00523936,HB솔루션,297890,20260330,KOSDAQ
00706715,미원홀딩스,107590,20260330,KOSPI
01335790,바이젠셀,308080,20260219,KOSDAQ
01622331,벨로크,424760,20260224,KOSDAQ
00552859,HLB테라퓨틱스,115450,20260330,KOSDAQ
00811372,노바렉스,194700,20260330,KOSDAQ
00862853,플레이디,237820,20260330,KOSDAQ
00919966,신라젠,215600,20260330,KOSDAQ
00970453,파마리서치,214450,20260330,KOSDAQ
01038693,드림시큐리티,203650,20260330,KOSDAQ
01067516,골프존,215000,20260330,KOSDAQ
01276327,위지윅스튜디오,299900,20260330,KOSDAQ
01326792,비투엔,307870,20260330,KOSDAQ
01311408,에코프로머티,450080,20260430,KOSPI
01185566,휴엠앤씨,263920,20250901,KOSDAQ
00924931,엔비알모션,0004V0,20260128,KOSDAQ
00788737,이퓨쳐,134060,20260130,KOSDAQ
01584183,퀄리타스반도체,432720,20260219,KOSDAQ
00803425,코리아에프티,123410,20260302,KOSDAQ
00180263,리더스코스메틱,016100,20260304,KOSDAQ
01902990,KB제32호스팩,0037T0,20250704,KOSDAQ
00653194,앱토크롬,109960,20250917,KOSDAQ
00888347,휴젤,145020,20250917,KOSDAQ
00136165,스페코,013810,20260306,KOSDAQ
01436479,토마토시스템,393210,20260330,KOSDAQ
01508855,블리츠웨이엔터테인먼트,369370,20260330,KOSDAQ
01511558,네오이뮨텍,950220,20260330,KOSDAQ
01555215,스마트레이더시스템,424960,20260330,KOSDAQ
01575839,플라즈맵,405000,20260330,KOSDAQ
00141626,오리엔트바이오,002630,20260330,KOSPI
00158307,롯데하이마트,071840,20251119,KOSPI
00193328,수산인더스트리,126720,20260504,KOSPI
00113207,대한전선,001440,20250926,KOSPI
00896753,에코글로우,159910,20250926,KOSDAQ
01201970,셀레스트라,352770,20250926,KOSDAQ
01316236,효성화학,298000,20251104,KOSPI
00580667,S&K폴리텍,091340,20251105,KOSDAQ
00995993,DXVX,180400,20251105,KOSDAQ
00318662,CNT85,056730,20260304,KOSDAQ
00147772,정원엔시스,045510,20260304,KOSDAQ
01706794,아이언디바이스,464500,20260331,KOSDAQ
00146454,일양약품,007570,20251020,KOSPI
00302926,현대로템,064350,20260504,KOSPI
01265251,압타머사이언스,291650,20251028,KOSDAQ
00360142,아이마켓코리아,122900,20250514,KOSPI
00605124,알파칩스,117670,20250904,KOSDAQ
00144012,원풍,008370,20260219,KOSDAQ
01138364,더핑크퐁컴퍼니,403850,20260220,KOSDAQ
00130772,SBS,034120,20251022,KOSPI
00392691,포니링크,064800,20251113,KOSDAQ
01026157,쏘카,403550,20251113,KOSPI
01786958,큐리오시스,494120,20251113,KOSDAQ
01203659,이뮨온시아,424870,20260304,KOSDAQ
00117230,TYM,002900,20260402,KOSPI
00147152,유니크,011320,20260402,KOSDAQ
00153393,태광산업,003240,20260402,KOSPI
00366942,미코,059090,20260402,KOSDAQ
00369569,비케이홀딩스,050090,20260402,KOSDAQ
00173795,신흥,004080,20260402,KOSPI
01251595,압타바이오,293780,20260402,KOSDAQ
01869710,인벤테라,0007J0,20260402,KOSDAQ
00681249,씨유메디칼,115480,20251127,KOSDAQ
00620868,아이티센글로벌,124500,20250904,KOSDAQ
00506294,가비아,079940,20251120,KOSDAQ
00923792,내츄럴엔도텍,168330,20260316,KOSDAQ
01429840,아이티아이즈,372800,20260317,KOSDAQ
00493325,에이엘티,172670,20260323,KOSDAQ
00267942,큐캐피탈,016600,20260324,KOSDAQ
00535746,컴투스홀딩스,063080,20251015,KOSDAQ
00261054,EG,037370,20251016,KOSDAQ
00145686,이화산업,000760,20260319,KOSPI
00400857,에이블씨엔씨,078520,20260319,KOSPI
00127802,삼익THK,004380,20251202,KOSPI
00149947,JW중외제약,001060,20251202,KOSPI
01562589,LX홀딩스,383800,20251202,KOSPI
01194607,비츠로넥스텍,488900,20251202,KOSDAQ
00399694,SOOP,067160,20260507,KOSDAQ
00158024,KBI메탈,024840,20260504,KOSDAQ
00173449,빌리언스,044480,20260504,KOSDAQ
00256502,에이텍,045660,20260504,KOSDAQ
00271501,코아시아,045970,20260504,KOSDAQ
00145163,파미셀,005690,20260504,KOSPI
00276083,피노,033790,20260504,KOSDAQ
00152385,에이프로젠,007460,20260504,KOSPI
00305570,코스리거글로벌,043710,20260504,KOSDAQ
00357607,케이피티유,054410,20260504,KOSDAQ
00261443,NC,036570,20260504,KOSPI
00371740,디티씨,066670,20260504,KOSDAQ
00404941,한텍,098070,20260504,KOSDAQ
00409964,하이텍팜,106190,20260504,KOSDAQ
00530413,더코디,224060,20260504,KOSDAQ
01041828,JTC,950170,20250530,KOSDAQ
00107224,남선알미늄,008350,20250912,KOSPI
00117629,KBI동양철관,008970,20250912,KOSPI
00174527,HS화성,002460,20260227,KOSPI
00160010,한국큐빅,021650,20251110,KOSDAQ
01221752,지에프씨생명과학,388610,20251110,KOSDAQ
01504211,라메디텍,462510,20251110,KOSDAQ
00108135,녹십자홀딩스,005250,20260423,KOSPI
00411808,제이오,418550,20260423,KOSDAQ
00125530,삼립,005610,20260423,KOSPI
01964246,키움히어로제2호스팩,0131D0,20260423,KOSDAQ
00129679,녹십자,006280,20260423,KOSPI
00407036,선바이오,067370,20260313,KOSDAQ
01315042,시선AI,340810,20260313,KOSDAQ
00541437,코렌텍,104540,20260316,KOSDAQ
00162063,한신공영,004960,20251205,KOSPI
00554352,아이큐어,175250,20260504,KOSDAQ
01622720,KB스타리츠,432320,20260504,KOSPI
00619640,에코앤드림,101360,20260504,KOSDAQ
00787057,휴맥스,115160,20260504,KOSDAQ
00813389,베셀,177350,20260504,KOSDAQ
00842619,리가켐바이오,141080,20260504,KOSDAQ
01381391,에스피소프트,443670,20260504,KOSDAQ
01445024,한패스,408470,20260504,KOSDAQ
00115694,DB증권,016610,20250604,KOSPI
00138242,KG모빌리티,003620,20250604,KOSPI
01299106,우듬지팜,403490,20250604,KOSDAQ
01513699,포바이포,389140,20250605,KOSDAQ
00244455,케이티앤지,033780,20250917,KOSPI
00867849,오파스넷,173130,20260303,KOSDAQ
00255619,강원랜드,035250,20260305,KOSPI
00525679,차바이오텍,085660,20260305,KOSDAQ
01053540,퓨쳐켐,220100,20260305,KOSDAQ
00356802,큐렉소,060280,20250730,KOSDAQ
01035678,링크드,193250,20251203,KOSDAQ
01049422,썸에이지,208640,20251203,KOSDAQ
00107598,남양유업,003920,20251203,KOSPI
01236532,와이즈버즈,273060,20251203,KOSDAQ
00298270,안랩,053800,20260330,KOSDAQ
00105873,LG디스플레이,034220,20250620,KOSPI
00117267,동양생명,082640,20250702,KOSPI
00367482,빛과전자,069540,20250702,KOSDAQ
00876865,네오오토,212560,20250702,KOSDAQ
01702017,유니드비티플러스,446070,20260317,KOSPI
00141404,블루산업개발,006740,20260327,KOSPI
00111218,KD,044180,20260430,KOSDAQ
01223219,에이에프더블류,312610,20260504,KOSDAQ
01227039,파라택시스코리아,288330,20260504,KOSDAQ
00479705,케스피온,079190,20260406,KOSDAQ
01042650,큐리언트,115180,20260305,KOSDAQ
00126362,삼성SDI,006400,20260306,KOSPI
00787376,대성에너지,117580,20260306,KOSPI
01573336,토모큐브,475960,20250529,KOSDAQ
01875146,신한제16호스팩,496070,20250529,KOSDAQ
01089350,켐트로스,220260,20251204,KOSDAQ
01359815,한울반도체,320000,20251204,KOSDAQ
00815369,에스제이엠,123700,20251212,KOSPI
01020843,원익피앤이,217820,20260330,KOSDAQ
00126308,삼성E&A,028050,20260319,KOSPI
00121543,무학,033920,20260424,KOSPI
00336297,고려신용정보,049720,20260424,KOSDAQ
00815095,우리이앤엘하루틴,153490,20260424,KOSDAQ
00556712,힘스,238490,20250811,KOSDAQ
01409095,비트맥스,377030,20260331,KOSDAQ
01026616,지구홀딩스,221800,20260504,KOSDAQ
00132211,SUN&L,002820,20260504,KOSPI
01514698,엑스플러스,373200,20250423,KOSDAQ
00925374,윤성에프앤씨,372170,20250926,KOSDAQ
01109955,링크제니시스,219420,20260306,KOSDAQ
00160861,한농화성,011500,20260306,KOSPI
00660033,씨엔플러스,115530,20260306,KOSDAQ
00219440,휴맥스홀딩스,028080,20260306,KOSDAQ
01335930,티움바이오,321550,20250613,KOSDAQ
00141529,오뚜기,007310,20251222,KOSPI
00151368,인터지스,129260,20260114,KOSPI
00384717,비엘팜텍,065170,20260331,KOSDAQ
00532855,한국유니온제약,080720,20260331,KOSDAQ
00370200,아이로보틱스,066430,20260331,KOSDAQ
00445160,APS이노베이션,079810,20260415,KOSDAQ
00503668,LIG디펜스앤에어로스페이스,079550,20260415,KOSPI
00462121,LIG아큐버,073490,20260415,KOSDAQ
01514227,씨어스,458870,20260415,KOSDAQ
01516890,E8,418620,20260424,KOSDAQ
01307593,에이아이코리아,364950,20260428,KOSDAQ
01110474,풍전약품,298060,20260504,KOSDAQ
00151298,DSR제강,069730,20250624,KOSPI
00378363,3S,060310,20250627,KOSDAQ
00761183,신성에스티,416180,20251001,KOSDAQ
00938721,필옵틱스,161580,20260309,KOSDAQ
00178754,동아지질,028100,20260310,KOSPI
00442570,제우스,079370,20260311,KOSDAQ
01639508,뉴엔AI,463020,20260311,KOSDAQ
01450938,지에프아이,493330,20260114,KOSDAQ
01565054,그래피,318060,20250825,KOSDAQ
00608802,텔콘RF제약,200230,20250825,KOSDAQ
00911229,라온로보틱스,232680,20260123,KOSDAQ
00173102,모나리자,012690,20250702,KOSPI
01386916,SK아이이테크놀로지,361610,20250707,KOSPI
00268251,다산네트웍스,039560,20250707,KOSDAQ
00874168,싸이닉솔루션,234030,20250707,KOSDAQ
00770312,마니커에프앤지,195500,20251021,KOSDAQ
01152586,유일로보틱스,388720,20260311,KOSDAQ
00608699,탑코미디어,134580,20260311,KOSDAQ
00610083,비아트론,141000,20260312,KOSDAQ
00486097,KT나스미디어,089600,20250821,KOSDAQ
00136004,신라에스지,025870,20260213,KOSDAQ
00220057,GC메디아이,032620,20260415,KOSDAQ
00149804,디와이에이,002880,20260415,KOSPI
00405278,KG파이낸셜,046440,20260415,KOSDAQ
00363510,제이케이시냅스,060230,20260313,KOSDAQ
00129615,상보,027580,20260423,KOSDAQ
00124726,빙그레,005180,20250623,KOSPI
00101433,경농,002100,20260311,KOSPI
01073261,동방메디컬,240550,20260311,KOSDAQ
00226352,케이엠더블유,032500,20260311,KOSDAQ
01497373,아이엠비디엑스,461030,20260311,KOSDAQ
00131780,SK네트웍스,001740,20260312,KOSPI
00270113,멕아이씨에스,058110,20260312,KOSDAQ
00112457,대주산업,003310,20260320,KOSDAQ
01587056,엔젯,419080,20260324,KOSDAQ
01636565,루미르,474170,20260313,KOSDAQ
01023318,센코,347000,20260315,KOSDAQ
00364467,드림어스컴퍼니,060570,20260316,KOSDAQ
00595182,아톤,158430,20260316,KOSDAQ
01114586,셀레믹스,331920,20260316,KOSDAQ
01050738,솔트룩스,304100,20260302,KOSDAQ
00598198,컴퍼니케이,307930,20260319,KOSDAQ
00867034,듀켐바이오,176750,20260223,KOSDAQ
01436628,이지스레지던스리츠,350520,20260428,KOSPI
00199988,SY동아,041930,20260428,KOSDAQ
01160974,바이오에프디엔씨,251120,20260209,KOSDAQ
01284876,인스피언,465480,20260319,KOSDAQ
00306870,손오공,066910,20260323,KOSDAQ
01910324,교보18호스팩,0041B0,20250814,KOSDAQ
01577952,지투지바이오,456160,20250814,KOSDAQ
00273110,에스티큐브,052020,20251202,KOSDAQ
01489648,솔브레인,357780,20250905,KOSDAQ
01573381,레이저쎌,412350,20250905,KOSDAQ
01110678,유틸렉스,263050,20260123,KOSDAQ
00195229,미스토홀딩스,081660,20250428,KOSPI
00260745,서울평가정보,036120,20250428,KOSDAQ
01230255,한울앤제주,276730,20250428,KOSDAQ
01718407,블랙야크아이앤씨,478560,20250826,KOSDAQ
00535375,키네마스터,139670,20260326,KOSDAQ
00194947,한전산업,130660,20260319,KOSPI
00117498,스틱인베스트먼트,026890,20260319,KOSPI
00102353,경창산업,024910,20260319,KOSDAQ
00540605,이월드,084680,20260130,KOSPI
00488989,한양디지텍,078350,20260130,KOSDAQ
00679314,동성케미컬,102260,20250502,KOSPI
00159342,한국정보통신,025770,20260304,KOSDAQ
01242241,샌즈랩,411080,20260304,KOSDAQ
00531014,유진테크,084370,20250901,KOSDAQ
00442826,대봉엘에스,078140,20250908,KOSDAQ
00120562,롯데지주,004990,20251223,KOSPI
00398701,엘앤에프,066970,20251223,KOSPI
01022142,엠디바이스,226590,20251223,KOSDAQ
01949469,미래에셋비전스팩10호,0097F0,20251223,KOSDAQ
00838005,서진시스템,178320,20260324,KOSDAQ
01157235,아스타,246720,20250430,KOSDAQ
01256864,에이비엘바이오,298380,20250430,KOSDAQ
00820352,파인텍,131760,20260206,KOSDAQ
00104573,국일제지,078130,20260330,KOSDAQ
00103176,흥국화재,000540,20260330,KOSPI
00109824,대림통상,006570,20260330,KOSPI
00111838,대원,007680,20260330,KOSDAQ
00120289,제이에스티나,026040,20260330,KOSDAQ
00113243,대한제분,001130,20260330,KOSPI
00144243,유니슨,018000,20260330,KOSDAQ
00115287,동방,004140,20260330,KOSPI
00170026,시공테크,020710,20260330,KOSDAQ
00204323,키스트론,475430,20260330,KOSDAQ
00118266,DRB동일,004840,20260330,KOSPI
00120076,LX인터내셔널,001120,20260330,KOSPI
00260958,케이티알파,036030,20260330,KOSDAQ
00130879,서울식품공업,004410,20260330,KOSPI
00159795,한국카본,017960,20260330,KOSPI
00668600,케이옥션,102370,20250908,KOSDAQ
01693922,지슨,446840,20250908,KOSDAQ
00382199,신한지주,055550,20250908,KOSPI
00492894,젬백스,082270,20251224,KOSDAQ
01385005,리브스메드,491000,20251224,KOSDAQ
01829819,아크릴,0007C0,20260213,KOSDAQ
00115612,동부건설,005960,20260219,KOSPI
01031502,코아시아씨엠,196450,20260224,KOSDAQ
00145260,율촌화학,008730,20260303,KOSPI
01376715,디앤디파마텍,347850,20260303,KOSDAQ
00833064,엠플러스,259630,20260303,KOSDAQ
01201590,에브리봇,270660,20260303,KOSDAQ
01274310,이오플로우,294090,20250714,KOSDAQ
01137860,위너스일렉,479960,20260422,KOSDAQ
01021949,덱스터,206560,20260428,KOSDAQ
01117413,바이오다인,314930,20260213,KOSDAQ
00111874,대원산업,005710,20260323,KOSDAQ
00108241,농심,004370,20260323,KOSPI
00117276,네이처셀,007390,20260323,KOSDAQ
00120526,롯데쇼핑,023530,20260323,KOSPI
00144395,동서,026960,20260323,KOSPI
00328191,케이에스피,073010,20260323,KOSDAQ
00149655,삼성물산,028260,20260323,KOSPI
00489243,동아엘텍,088130,20260323,KOSDAQ
00165413,롯데케미칼,011170,20260323,KOSPI
01626391,오가노이드사이언스,476040,20260112,KOSDAQ
01063990,로보로보,215100,20260305,KOSDAQ
00178851,동양에스텍,060380,20260305,KOSDAQ
00131504,서한,011370,20260303,KOSDAQ
01704680,M83,476080,20260303,KOSDAQ
01243161,인산가,277410,20260303,KOSDAQ
01108442,에치에프알,230240,20250717,KOSDAQ
01344336,신테카바이오,226330,20250717,KOSDAQ
00101044,에이프로젠바이오로직스,003060,20250901,KOSPI
00163512,한진,002320,20250901,KOSPI
00372129,전진건설로봇,079900,20250901,KOSPI
01497869,티와이홀딩스,363280,20260309,KOSPI
00172185,남성,004270,20260310,KOSPI
00152127,심텍홀딩스,036710,20260317,KOSDAQ
00260392,대원전선,006340,20260317,KOSPI
00190321,케이티,030200,20260401,KOSPI
00301422,스모트로닉,066590,20260401,KOSDAQ
00351454,더테크놀로지,043090,20260401,KOSDAQ
00198697,일진디스플,020760,20260401,KOSPI
00220613,넥스틸,092790,20260401,KOSPI
00361169,한국전자인증,041460,20260401,KOSDAQ
00361381,제이브이엠,054950,20260401,KOSDAQ
00356361,LG화학,051910,20260401,KOSPI
00365590,HLB생명과학,067630,20260401,KOSDAQ
01399071,고바이오랩,348150,20260413,KOSDAQ
00807555,메가엠디,133750,20260304,KOSDAQ
01275665,리메드,302550,20260304,KOSDAQ
00102751,고려산업,002140,20260304,KOSPI
00123541,보해양조,000890,20260223,KOSPI
00162416,한양증권,001750,20250619,KOSPI
00296263,YW,051390,20250903,KOSDAQ
00103130,플레이그램,009810,20260220,KOSPI
00406222,쎄크,081180,20260220,KOSDAQ
01253636,에르코스,435570,20260331,KOSDAQ
00163691,유수홀딩스,000700,20260311,KOSPI
00150244,하이트진로,000080,20260311,KOSPI
00491415,인포바인,115310,20260311,KOSDAQ
01042711,글로벌텍스프리,204620,20260316,KOSDAQ
00269241,주연테크,044380,20260319,KOSPI
01782183,카나프테라퓨틱스,0082N0,20260319,KOSDAQ
00415628,세진중공업,075580,20260401,KOSPI
00480367,SK오션플랜트,100090,20260401,KOSPI
00365624,아이윈,090150,20260401,KOSDAQ
00653024,진에어,272450,20260401,KOSPI
00795135,코오롱인더,120110,20260401,KOSPI
00406037,CSA 코스믹,083660,20260401,KOSDAQ
00816544,토니모리,214420,20260401,KOSPI
00425351,멀티캠퍼스,067280,20260401,KOSDAQ
00828497,한미약품,128940,20260401,KOSPI
00447487,제주반도체,080220,20260401,KOSDAQ
01205709,HD현대,267250,20260401,KOSPI
00475976,인콘,083640,20260401,KOSDAQ
01390344,HD현대중공업,329180,20260401,KOSPI
00488244,원일티엔아이,136150,20260401,KOSDAQ
00560122,한울소재과학,091440,20260401,KOSDAQ
01042359,지엘팜텍,204840,20260220,KOSDAQ
00962223,지니언스,263860,20260304,KOSDAQ
01764099,링크솔루션,474650,20250610,KOSDAQ
00140955,한솔케미칼,014680,20251106,KOSPI
01375822,에이프릴바이오,397030,20250430,KOSDAQ
00475718,이엠앤아이,083470,20260225,KOSDAQ
00563545,두산테스나,131970,20260401,KOSDAQ
00580056,스맥,099440,20260401,KOSDAQ
00585538,에스에너지,095910,20260401,KOSDAQ
00596677,매커스,093520,20260401,KOSDAQ
00599106,네오리진,094860,20260401,KOSDAQ
00654175,피엠티,147760,20260401,KOSDAQ
00694942,이미지스,115610,20260401,KOSDAQ
00778235,TS인베스트먼트,246690,20260401,KOSDAQ
00866451,워트,396470,20260401,KOSDAQ
00916516,흥국에프엔비,189980,20260401,KOSDAQ
00956028,엑세스바이오,950130,20260401,KOSDAQ
01037214,킵스파마,256940,20260401,KOSDAQ
01042979,휴마시스,205470,20260401,KOSDAQ
00536286,윈팩,097800,20260306,KOSDAQ
01931585,엔에이치스팩32호,0054V0,20260309,KOSDAQ
00957735,클리오,237880,20260309,KOSDAQ
00118044,동원수산,030720,20260310,KOSPI
00624378,마이크로투나노,424980,20260312,KOSDAQ
00106881,인디에프,014990,20260312,KOSPI
01437432,디티앤씨알오,383930,20251112,KOSDAQ
00120924,매일홀딩스,005990,20260323,KOSDAQ
00479787,인텍플러스,064290,20260325,KOSDAQ
01046391,싸이토젠,217330,20260401,KOSDAQ
01068737,에이치피오,357230,20260401,KOSDAQ
01073678,얼라인드,238120,20260401,KOSDAQ
01089378,디와이디,219550,20260401,KOSDAQ
01095704,케이엠제약,225430,20260401,KOSDAQ
01124680,보라티알,250000,20260401,KOSDAQ
01210066,리파인,377450,20260401,KOSDAQ
01222867,제테마,216080,20260401,KOSDAQ
01226410,씨앤씨인터내셔널,352480,20260401,KOSDAQ
01258020,에스바이오메딕스,304360,20260401,KOSDAQ
01261644,레인보우로보틱스,277810,20260401,KOSDAQ
01299203,그리드위즈,453450,20260401,KOSDAQ
01393721,포커스에이아이,331380,20260401,KOSDAQ
01406265,와이랩,432430,20260401,KOSDAQ
00177199,디씨엠,024090,20260320,KOSPI
01297898,마음AI,377480,20260324,KOSDAQ
00442455,코스나인,082660,20251120,KOSDAQ
00150536,진양제약,007370,20251010,KOSDAQ
00402110,시큐브,131090,20251010,KOSDAQ
01051065,엔비티,236810,20251010,KOSDAQ
01311310,지아이텍,382480,20260325,KOSDAQ
00617998,폴라리스세원,234100,20260327,KOSDAQ
00618410,KS인더스트리,101000,20260327,KOSDAQ
00657783,모델솔루션,417970,20260327,KOSDAQ
01416642,다보링크,340360,20260401,KOSDAQ
01435489,범한퓨얼셀,382900,20260401,KOSDAQ
01437858,진시스템,363250,20260401,KOSDAQ
01440153,넥사다이내믹스,351320,20260401,KOSDAQ
01462605,지투파워,388050,20260401,KOSDAQ
01480568,이지바이오,353810,20260401,KOSDAQ
01638387,케이지에이,455180,20260401,KOSDAQ
01784914,클로봇,466100,20260401,KOSDAQ
01963520,신한제17호스팩,0130D0,20260401,KOSDAQ
01947072,미래에셋비전스팩8호,0093G0,20251127,KOSDAQ
01335851,박셀바이오,323990,20251201,KOSDAQ
00126380,삼성전자,005930,20251201,KOSPI
01946596,미래에셋비전스팩9호,0096D0,20251201,KOSDAQ
01261893,케이씨텍,281820,20250909,KOSPI
01649620,아우토크립트,331740,20260227,KOSDAQ
00144021,원풍물산,008290,20260227,KOSDAQ
00664853,제이씨케미칼,137950,20260327,KOSDAQ
00172936,동일산업,004890,20260327,KOSPI
00799177,삼기,122350,20260327,KOSDAQ
00173874,넥센타이어,002350,20260327,KOSPI
00923516,메가터치,446540,20260327,KOSDAQ
00179489,명인제약,317450,20260327,KOSPI
00233653,한국토지신탁,034830,20260327,KOSPI
01031229,한국비티비,219750,20260327,KOSDAQ
01032583,강동씨앤엘,198440,20260327,KOSDAQ
00274933,신세계푸드,031440,20260327,KOSPI
01033591,큐알티,405100,20260327,KOSDAQ
00299002,HL홀딩스,060980,20260327,KOSPI
01061558,덕산네오룩스,213420,20260327,KOSDAQ
00350312,HDC랩스,039570,20260327,KOSPI
00186559,아이티센씨티에스,031820,20251230,KOSPI
00641393,엔시트론,101400,20250909,KOSDAQ
00147860,에스엠벡셀,010580,20260227,KOSPI
00567222,우림피티에스,101170,20260227,KOSDAQ
01781999,에임드바이오,0009K0,20260227,KOSDAQ
01109539,와이씨,232140,20260327,KOSDAQ
00357935,HDC현대EP,089470,20260327,KOSPI
01113499,아이티센피엔에스,232830,20260327,KOSDAQ
00365387,AJ네트웍스,095570,20260327,KOSPI
00369833,유니온머티리얼,047400,20260327,KOSPI
01264438,자이언트스텝,289220,20260327,KOSDAQ
01343665,RF머트리얼즈,327260,20260327,KOSDAQ
00458234,아시아나IDT,267850,20260327,KOSPI
00459871,농심홀딩스,072710,20260327,KOSPI
00896285,삼양사,145990,20260327,KOSPI
01965698,엔에이치스팩33호,0130H0,20260327,KOSDAQ
01042775,HL만도,204320,20260327,KOSPI
01205842,HD건설기계,267270,20260327,KOSPI
00674498,골프존홀딩스,121440,20260403,KOSDAQ
01428203,케이씨씨글라스,344820,20250508,KOSPI
01011438,에이치엘사이언스,239610,20250731,KOSDAQ
00113058,한화생명,088350,20250806,KOSPI
01906598,하나35호스팩,0041L0,20250806,KOSDAQ
00148540,CJ,001040,20250806,KOSPI
01853214,신한제14호스팩,487360,20260120,KOSDAQ
00127857,삼익악기,002450,20260129,KOSPI
00917861,슈피겐코리아,192440,20260303,KOSDAQ
00755739,파인테크닉스,106240,20260306,KOSDAQ
00138303,아이티센엔텍,010280,20260309,KOSDAQ
01016479,오로스테크놀로지,322310,20260309,KOSDAQ
01554508,액스비스,0011A0,20260309,KOSDAQ
00107613,이수페타시스,007660,20260309,KOSPI
00126566,한화에어로스페이스,012450,20251212,KOSPI
00187770,한국파마,032300,20251212,KOSDAQ
00992543,LK삼양,225190,20251212,KOSDAQ
01429220,피아이이,452450,20251212,KOSDAQ
01949140,교보19호스팩,0098T0,20251212,KOSDAQ
00565154,이노션,214320,20251219,KOSPI
01949584,IBKS제25호스팩,0099X0,20251219,KOSDAQ
00171265,파라다이스,034230,20260331,KOSPI
00871587,보원케미칼,0010F0,20260403,KOSDAQ
00385415,일신바이오,068330,20250430,KOSDAQ
00172945,동일스틸럭스,023790,20260310,KOSDAQ
00155531,풍산홀딩스,005810,20260313,KOSPI
01703849,노머스,473980,20260316,KOSDAQ
00537337,앤씨앤,092600,20260318,KOSDAQ
00373447,서린바이오,038070,20260318,KOSDAQ
00103510,인지컨트롤스,023800,20260401,KOSPI
00130383,서부T&D,006730,20260401,KOSDAQ
00104786,미래아이앤지,007120,20260401,KOSPI
00230425,나노엔텍,039860,20260403,KOSDAQ
00159698,지역난방공사,071320,20260406,KOSPI
00210980,원익,032940,20260406,KOSDAQ
00526696,웨이브일렉트로,095270,20260406,KOSDAQ
00963976,SG,255220,20260406,KOSDAQ
00783246,글로벌에스엠,900070,20260416,KOSDAQ
01360875,탑머티리얼,360070,20260224,KOSDAQ
00453284,교촌에프앤비,339770,20250925,KOSPI
01318933,지니틱스,303030,20250930,KOSDAQ
01398151,밸로프,331520,20250930,KOSDAQ
00134723,페이퍼코리아,001020,20251001,KOSPI
00147082,재영솔루텍,049630,20260319,KOSDAQ
01021666,덕산테코피아,317330,20260322,KOSDAQ
01318261,더블유에스아이,299170,20260323,KOSDAQ
01374443,인투셀,287840,20260323,KOSDAQ
00583442,노루페인트,090350,20260323,KOSPI
01455492,데이원컴퍼니,373160,20260323,KOSDAQ
01258507,롯데웰푸드,280360,20260323,KOSPI
00146436,엔브이에이치코리아,067570,20260401,KOSDAQ
00119140,핸즈코퍼레이션,143210,20260401,KOSPI
00121288,모나미,005360,20260401,KOSPI
00173591,세원물산,024830,20260401,KOSDAQ
00177870,대창솔루션,096350,20260401,KOSDAQ
00124090,한국특강,007280,20260401,KOSPI
00125080,AK홀딩스,006840,20260401,KOSPI
00131197,서원,021050,20260401,KOSPI
00249502,골드앤에스,035290,20260401,KOSDAQ
00135050,팜젠사이언스,004720,20260401,KOSPI
00258360,위지트,036090,20260401,KOSDAQ
00135111,수산세보틱스,017550,20260401,KOSPI
00141477,영흥,012160,20260401,KOSPI
00260611,웰킵스하이텍,043590,20260401,KOSDAQ
00152880,코오롱글로벌,003070,20260401,KOSPI
00261373,마크로젠,038290,20260401,KOSDAQ
00164830,HD한국조선해양,009540,20260401,KOSPI
00264671,세중,039310,20260401,KOSDAQ
00113508,노루홀딩스,000320,20250902,KOSPI
00148610,한화투자증권,003530,20250902,KOSPI
00141583,삼양컴텍,484590,20251024,KOSDAQ
00533924,이브이첨단소재,131400,20260324,KOSDAQ
00102858,고려아연,010130,20260326,KOSPI
00104999,윌비스,008600,20260326,KOSPI
00157636,케이피에프,024880,20260326,KOSDAQ
01596425,SK스퀘어,402340,20260326,KOSPI
01187148,케어랩스,263700,20260326,KOSDAQ
01159233,솔루엠,248070,20260305,KOSPI
00232007,상지건설,042940,20260305,KOSDAQ
00469799,이엔플러스,074610,20260407,KOSPI
00244747,파크시스템스,140860,20260407,KOSDAQ
01067808,넵튠,217270,20260407,KOSDAQ
01136001,나노실리칸첨단소재,286750,20260407,KOSDAQ
00409788,비에이치아이,083650,20251209,KOSDAQ
01957282,테라뷰,950250,20251209,KOSDAQ
00166227,화승인더스트리,006060,20250502,KOSPI
00728638,한세실업,105630,20251107,KOSPI
00348292,한빛소프트,047080,20251107,KOSDAQ
01745173,이노테크,469610,20251107,KOSDAQ
00104698,LS네트웍스,000680,20260327,KOSPI
00128175,원익큐브,014190,20260327,KOSDAQ
00112059,상상인증권,001290,20260327,KOSPI
00131896,선광,003100,20260327,KOSDAQ
00112651,대창,012800,20260327,KOSPI
00139153,에코플라스틱,038110,20260327,KOSDAQ
00115977,아이에스동서,010780,20260327,KOSPI
00117300,TCC스틸,002710,20260327,KOSPI
00155452,풍국주정,023900,20260327,KOSDAQ
00118345,디아이동일,001530,20260327,KOSPI
00198192,한국팩키지,037230,20260327,KOSDAQ
00203209,에쎈테크,043340,20260327,KOSDAQ
00140061,티케이지애강,022220,20260205,KOSDAQ
00268118,코맥스,036690,20260205,KOSDAQ
00156859,다올투자증권,030210,20260301,KOSPI
00307222,YBM넷,057030,20260303,KOSDAQ
00373571,스타코링크,060240,20260303,KOSDAQ
01228515,앱튼,270520,20260303,KOSDAQ
01569102,라이콤,388790,20260303,KOSDAQ
01364297,코퍼스코리아,322780,20260408,KOSDAQ
01222113,인스웨이브,450520,20250424,KOSDAQ
01383779,에스켐,475660,20250424,KOSDAQ
00252135,주성엔지니어링,036930,20250922,KOSDAQ
00113526,대한항공,003490,20260316,KOSPI
00227333,네패스,033640,20260327,KOSDAQ
00129420,까뮤이앤씨,013700,20260327,KOSPI
00229030,알멕,354320,20260327,KOSDAQ
00132637,동원시스템즈,014820,20260327,KOSPI
00230911,HRS,036640,20260327,KOSDAQ
00133706,한국제지,027970,20260327,KOSPI
00307028,경남제약,053950,20260327,KOSDAQ
00138190,GS글로벌,001250,20260327,KOSPI
00318316,대아티아이,045390,20260327,KOSDAQ
00364740,머큐리,100590,20260327,KOSDAQ
00139454,애경산업,018250,20260327,KOSPI
00366137,KG에코솔루션,151860,20260327,KOSDAQ
00139889,SKC,011790,20260327,KOSPI
00389998,한성크린텍,066980,20260327,KOSDAQ
00141875,사조오양,006090,20260327,KOSPI
00145446,이건산업,008250,20260327,KOSPI
00492706,씨싸이트,109670,20260327,KOSDAQ
00146083,일동홀딩스,000230,20260327,KOSPI
01559637,블루엠텍,439580,20260210,KOSDAQ
00808068,앤로보틱스,138360,20260303,KOSDAQ
01514005,크라우드웍스,355390,20260303,KOSDAQ
00133858,세방전지,004490,20260303,KOSPI
00252269,아이에이,038880,20260409,KOSDAQ
00137359,신풍제약,019170,20251014,KOSPI
00149646,기업은행,024110,20260303,KOSPI
00216434,체리부로,066360,20260309,KOSDAQ
00124805,푸른저축은행,007330,20250425,KOSDAQ
00154462,아모레퍼시픽홀딩스,002790,20250425,KOSPI
00408266,유니온바이오메트릭스,203450,20250425,KOSDAQ
00624509,디바이스,187870,20250425,KOSDAQ
00347716,중앙첨단소재,051980,20250515,KOSDAQ
00990819,아티스트스튜디오,200350,20250515,KOSDAQ
01309388,LS티라유텍,322180,20250515,KOSDAQ
00525642,코오롱생명과학,102940,20260327,KOSDAQ
00148896,OCI홀딩스,010060,20260327,KOSPI
00153621,참엔지니어링,009310,20260327,KOSPI
00540571,엘디티,096870,20260327,KOSDAQ
00153861,태영건설,009410,20260327,KOSPI
00541163,이엠텍,091120,20260327,KOSDAQ
00159023,SK텔레콤,017670,20260327,KOSPI
00569691,디엔에프,092070,20260327,KOSDAQ
00162586,한올바이오파마,009420,20260327,KOSPI
00572905,ISC,095340,20260327,KOSDAQ
00163114,서연,007860,20260327,KOSPI
00611736,엑시콘,092870,20260327,KOSDAQ
00164636,HDC,012630,20260327,KOSPI
00327396,옵트론텍,082210,20260327,KOSDAQ
00127875,삼익제약,014950,20260303,KOSDAQ
00100601,강원에너지,114190,20260206,KOSDAQ
01096341,넥슨게임즈,225570,20260311,KOSDAQ
00959210,코츠테크놀로지,448710,20251218,KOSDAQ
01596920,알지노믹스,476830,20251218,KOSDAQ
00234412,신세계인터내셔날,031430,20260112,KOSPI
01416235,고스트스튜디오,950190,20250919,KOSDAQ
00583026,멤레이비티,072770,20251229,KOSDAQ
00989619,알테오젠,196170,20251229,KOSDAQ
01456011,디어유,376300,20251229,KOSDAQ
01627363,세미파이브,490470,20251229,KOSDAQ
00125664,삼미금속,012210,20251229,KOSDAQ
01958111,메리츠제1호스팩,0088D0,20251215,KOSDAQ
01135084,에스와이스틸텍,365330,20251215,KOSDAQ
00531829,엠아이텍,179290,20251229,KOSDAQ
00190756,와이엔텍,067900,20251230,KOSDAQ
00301246,SFA반도체,036540,20251230,KOSDAQ
00109189,대덕,008060,20251031,KOSPI
00126937,삼양홀딩스,000070,20251103,KOSPI
00362122,나래나노텍,137080,20251103,KOSDAQ
01351080,지아이이노베이션,358570,20251103,KOSDAQ
00231691,판타지오,032800,20260311,KOSDAQ
00151395,천일고속,000650,20260312,KOSPI
00579999,고영,098460,20260312,KOSDAQ
01319808,한일시멘트,300720,20260312,KOSPI
01963140,신한제18호스팩,0129K0,20260506,KOSDAQ
01391033,NH프라임리츠,338100,20260223,KOSPI
01130849,파라택시스이더리움,290560,20260223,KOSDAQ
00176835,NH농우바이오,054050,20260511,KOSDAQ
00513948,녹십자엠에스,142280,20260511,KOSDAQ
00110884,엠젠솔루션,032790,20260616,KOSDAQ
00495633,율촌,146060,20260616,KOSDAQ
00323868,웹케시,053580,20251211,KOSDAQ
00250614,삼영엠텍,054540,20260105,KOSDAQ
00268002,세종텔레콤,036630,20260105,KOSDAQ
00317487,티에스넥스젠,043220,20260105,KOSDAQ
01062177,제놀루션,225220,20260105,KOSDAQ
01396676,일승,333430,20260402,KOSDAQ
00494546,오비고,352910,20251128,KOSDAQ
01168383,일동제약,249420,20260106,KOSPI
00116408,동신건설,025950,20260312,KOSDAQ
00442561,에프알텍,073540,20260313,KOSDAQ
00142713,형지I&C,011080,20260318,KOSDAQ
00657224,아이스크림미디어,461300,20260318,KOSDAQ
00136721,신영증권,001720,20260622,KOSPI
00186939,특수건설,026150,20260622,KOSDAQ
00442835,메타랩스,090370,20260622,KOSPI
01022902,애드바이오텍,179530,20260622,KOSDAQ
01263527,카이노스메드,284620,20260622,KOSDAQ
01341630,이노에이엑스,296640,20260622,KOSDAQ
01267958,프로티아,303360,20250721,KOSDAQ
00264635,에스넷,038680,20260326,KOSDAQ
01199727,샘씨엔에스,252990,20260326,KOSDAQ
01218299,에코아이,448280,20260326,KOSDAQ
01286476,RF시스템즈,474610,20260326,KOSDAQ
01405451,알체라,347860,20260326,KOSDAQ
01780608,메쥬,0088M0,20260326,KOSDAQ
00116426,이렘,009730,20251202,KOSDAQ
00112022,대원화성,024890,20260213,KOSPI
00105280,현대지에프홀딩스,005440,20260318,KOSPI
00187415,코미팜,041960,20260325,KOSDAQ
00606664,케이엔더블유,105330,20260325,KOSDAQ
00128546,삼천당제약,000250,20260304,KOSDAQ
01051092,피씨엘,241820,20260305,KOSDAQ
00415646,드림텍,192650,20260305,KOSPI
00238782,다우데이타,032190,20260305,KOSDAQ
01593668,센서뷰,321370,20260624,KOSDAQ
01011395,레몬,294140,20260626,KOSDAQ
01722437,한화갤러리아,452260,20260629,KOSPI
00364254,알티캐스트,085810,20251231,KOSDAQ
00148993,하이트진로홀딩스,000140,20251231,KOSPI
00867478,아시아종묘,154030,20251231,KOSDAQ
01381805,아로마티카,0015N0,20251231,KOSDAQ
00117212,두산,000150,20260506,KOSPI
00122056,미창석유공업,003650,20251208,KOSPI
01516933,덕양에너젠,0001A0,20260226,KOSDAQ
00357430,쎌바이오텍,049960,20260226,KOSDAQ
00104722,국제약품,002720,20260325,KOSPI
00112378,KR모터스,000040,20260331,KOSPI
00117337,동양,001520,20260331,KOSPI
00118451,동일제강,002690,20260331,KOSPI
00188973,화일약품,061250,20260331,KOSDAQ
00159740,KISCO홀딩스,001940,20260331,KOSPI
00160047,한국앤컴퍼니,000240,20260331,KOSPI
00203582,한솔홈데코,025750,20260331,KOSPI
00205687,더라미,032860,20260331,KOSDAQ
00305668,새론오토모티브,075180,20260331,KOSPI
00243067,부방,014470,20260331,KOSDAQ
00131018,서울제약,018680,20260305,KOSDAQ
01160363,에코프로비엠,247540,20250714,KOSDAQ
01884065,디비금융제14호스팩,0004Y0,20250722,KOSDAQ
01906552,엘에스스팩1호,0041J0,20250722,KOSDAQ
00149594,한국캐피탈,023760,20260521,KOSDAQ
01311286,퀀타매트릭스,317690,20260624,KOSDAQ
00136101,메이슨캐피탈,021880,20260629,KOSDAQ
00151605,청보,013720,20260629,KOSDAQ
00350048,오성첨단소재,052420,20260629,KOSDAQ
00577593,져스텍,153890,20260629,KOSDAQ
00122737,팬오션,028670,20260108,KOSPI
01336443,디와이씨,310870,20260109,KOSDAQ
01108248,지노믹트리,228760,20260109,KOSDAQ
01657197,바이오비쥬,489460,20250520,KOSDAQ
00293886,위닉스,044340,20250523,KOSDAQ
01070149,올리패스,244460,20250523,KOSDAQ
00870065,쓰리에이로직스,177900,20260611,KOSDAQ
01854763,HS효성,487570,20260331,KOSPI
00353610,이니텍,053350,20260331,KOSDAQ
00379229,에스에이티,060540,20260331,KOSDAQ
00406329,루멘스,038060,20260331,KOSDAQ
00412348,LB세미콘,061970,20260331,KOSDAQ
00455875,와토스코리아,079000,20260331,KOSDAQ
00491938,GH신소재,130500,20260331,KOSDAQ
01190124,미디어젠,279600,20260331,KOSDAQ
01365825,피에스케이,319660,20260331,KOSDAQ
01586455,꿈비,407400,20260331,KOSDAQ
01685677,리센스메디컬,394420,20260331,KOSDAQ
00523307,다원시스,068240,20260305,KOSDAQ
00415868,펩트론,087010,20260309,KOSDAQ
00533003,디케이락,105740,20260317,KOSDAQ
00168331,온타이드,005320,20260513,KOSPI
00238001,블루콤,033560,20260522,KOSDAQ
00164645,HMM,011200,20260526,KOSPI
00964595,엔바이오니아,317870,20260526,KOSDAQ
01084364,다산디엠씨,208860,20260526,KOSDAQ
01467451,KT밀리의서재,418470,20260526,KOSDAQ
01414422,아이비김영,339950,20260326,KOSDAQ
00136457,SH에너지화학,002360,20260618,KOSPI
00126955,삼양식품,003230,20260126,KOSPI
01516456,인벤티지랩,389470,20250804,KOSDAQ
00113261,대한광통신,010170,20260612,KOSDAQ
00605522,소룩스,290690,20260113,KOSDAQ
00145437,아센디오,012170,20260116,KOSPI
00808086,HLB펩,196300,20260403,KOSDAQ
00305941,노브랜드,145170,20260323,KOSDAQ
00134477,SNT다이내믹스,003570,20260326,KOSPI
01985203,교보20호스팩,0132G0,20260409,KOSDAQ
00409140,이원컴포텍,088290,20260529,KOSDAQ
00526836,미래나노텍,095500,20260318,KOSDAQ
00616962,린드먼아시아,277070,20260128,KOSDAQ
00480048,모다이노칩,080420,20250808,KOSDAQ
00172079,HLB파나진,046210,20260307,KOSDAQ
00389110,지어소프트,051160,20260513,KOSDAQ
00116268,동성제약,002210,20260416,KOSPI
01032404,콜마비앤에이치,200130,20260416,KOSDAQ
01344363,다원넥스뷰,323350,20260416,KOSDAQ
00542074,LSK아이로봇,091970,20260623,KOSDAQ
01027794,브이원텍,251630,20250519,KOSDAQ
01262032,롯데이노베이트,286940,20250519,KOSPI
00206659,이랜텍,054210,20260228,KOSDAQ
00219848,서희건설,035890,20260323,KOSDAQ
00628189,웅진씽크빅,095720,20260410,KOSPI
00255105,케이바이오랩스,038530,20260420,KOSDAQ
00132868,우성머티리얼스,011300,20260420,KOSPI
00442905,디에스엠,104040,20260420,KOSDAQ
00182696,대한조선,439260,20260420,KOSPI
01529982,씨엠티엑스,388210,20260420,KOSDAQ
01258428,프레스티지바이오로직스,334970,20260529,KOSDAQ
00124027,부산산업,011390,20260601,KOSPI
00362292,씨티씨바이오,060590,20260601,KOSDAQ
00615723,알엔티엑스,123010,20260601,KOSDAQ
00982023,실리콘투,257720,20260312,KOSDAQ
00148531,제이스코홀딩스,023440,20260312,KOSDAQ
01179608,포인트엔지니어링,256630,20260212,KOSDAQ
01394669,누보,332290,20250821,KOSDAQ
00185301,제이피아이헬스케어,0010V0,20250821,KOSDAQ
01910759,삼성스팩10호,0044K0,20250821,KOSDAQ
00159810,카프로,006380,20250904,KOSPI
00186452,광무,029480,20250904,KOSDAQ
00602172,와이엠티,251370,20250904,KOSDAQ
00677486,그린광학,0015G0,20260206,KOSDAQ
00136925,신원종합개발,017000,20260303,KOSDAQ
01091054,쎄노텍,222420,20260303,KOSDAQ
00989664,코아스템켐온,166480,20260303,KOSDAQ
01042085,엑셈,205100,20260303,KOSDAQ
01563667,더즌,462860,20250610,KOSDAQ
01945339,신영스팩11호,0091W0,20251124,KOSDAQ
01965333,삼양바이오팜,0120G0,20251124,KOSPI
00306719,에스텍,069510,20251126,KOSDAQ
01391103,젝시믹스,337930,20260331,KOSDAQ
00143651,웅진,016880,20260618,KOSPI
00122825,프리티,006490,20260619,KOSPI
00226866,인탑스,049070,20260619,KOSDAQ
00450010,씨티알모빌리티,308170,20260619,KOSPI
01803635,에스투더블유,488280,20260619,KOSDAQ
01319899,SK바이오사이언스,302440,20260619,KOSPI
00115384,동방아그로,007590,20260219,KOSPI
01182578,DH오토리드,290120,20250611,KOSDAQ
01432598,지씨지놈,340450,20250611,KOSDAQ
00526872,이수앱지스,086890,20260303,KOSDAQ
00815767,위메이드플레이,123420,20260303,KOSDAQ
00204226,소프트센,032680,20260303,KOSDAQ
00476498,컴투스,078340,20251017,KOSDAQ
00968607,더본코리아,475560,20260323,KOSPI
01010110,더블유게임즈,192080,20260319,KOSPI
01099861,에이텍모빌리티,224110,20260605,KOSDAQ
00607496,한빛레이저,452190,20260311,KOSDAQ
01137383,카카오게임즈,293490,20260623,KOSDAQ
01140837,이지트로닉스,377330,20260623,KOSDAQ
00242712,엘컴텍,037950,20260303,KOSDAQ
01515323,LG에너지솔루션,373220,20250812,KOSPI
00339072,팬스타엔터프라이즈,054300,20260429,KOSDAQ
00983271,NHN,181710,20260303,KOSPI
01109715,DSC인베스트먼트,241520,20250618,KOSDAQ
00545114,랩지노믹스,084650,20250624,KOSDAQ
00295857,코다코,046070,20251203,KOSDAQ
00390903,우주일렉트로,065680,20260309,KOSDAQ
01810477,노타,486990,20260311,KOSDAQ
00349732,코나아이,052400,20260311,KOSDAQ
00118521,진원생명과학,011000,20260615,KOSPI
00108001,남화토건,091590,20260615,KOSDAQ
00136776,차AI헬스케어,025620,20260615,KOSPI
00391197,하이퍼코퍼레이션,065650,20260615,KOSDAQ
00146214,일성아이에스,003120,20260615,KOSPI
01061497,FSN,214270,20260615,KOSDAQ
00358271,SFA,056190,20260625,KOSDAQ
01467503,뉴키즈온,462310,20260303,KOSDAQ
00159218,한전KPS,051600,20260303,KOSPI
00292434,인트론바이오,048530,20260303,KOSDAQ
01590980,심플랫폼,444530,20251128,KOSDAQ
00642541,제이에스링크,127120,20251202,KOSDAQ
01524093,DL이앤씨,375500,20250911,KOSPI
00347734,진양화학,051630,20260303,KOSPI
01344831,딥노이드,315640,20260303,KOSDAQ
00109286,대동,000490,20260303,KOSPI
00118804,동진쎄미켐,005290,20260303,KOSDAQ
01506990,옵티코어,380540,20250710,KOSDAQ
01047707,포톤,208710,20260311,KOSDAQ
00273420,이스트소프트,047560,20260314,KOSDAQ
00397058,엠게임,058630,20260316,KOSDAQ
00112970,대한방직,001070,20260615,KOSPI
01090471,SFA넥셀,222080,20260625,KOSDAQ
01288827,HPSP,403870,20260626,KOSDAQ
01935183,삼성스팩11호,0071M0,20260304,KOSDAQ
00531078,유비온,084440,20251124,KOSDAQ
00129387,SP삼화,000390,20260430,KOSPI
01384787,시프트업,462870,20260226,KOSPI
00311216,에이치엔에스하이텍,044990,20260303,KOSDAQ
00843900,육일씨엔에쓰,191410,20260303,KOSDAQ
00111111,대양금속,009190,20260303,KOSPI
01215618,와이엠텍,273640,20260303,KOSDAQ
00110583,DH오토웨어,025440,20260303,KOSDAQ
00616290,이엠넷,123570,20260309,KOSDAQ
00403766,한국첨단소재,062970,20260319,KOSDAQ
01498974,큐리옥스바이오시스템즈,445680,20260430,KOSDAQ
00526678,동방선기,099410,20260401,KOSDAQ
00370918,케이디켐,221980,20260529,KOSDAQ
00273439,메디아나,041920,20260409,KOSDAQ
00470829,인티큐브,070590,20260409,KOSDAQ
00977377,에이비온,203400,20260430,KOSDAQ
00453488,다이나믹디자인,145210,20250822,KOSPI
00155948,로젠,033290,20251216,KOSDAQ
01290248,스코넥,276040,20251216,KOSDAQ
00160588,한화,000880,20251217,KOSPI
01325429,지아이에스,306620,20260305,KOSDAQ
00162911,한일사료,005860,20260305,KOSDAQ
00106395,금호전기,001210,20260306,KOSPI
00139719,와이지-원,019210,20260306,KOSDAQ
01379563,에스팀,458350,20260306,KOSDAQ
00362201,세운메디칼,100700,20250728,KOSDAQ
00862880,새빗켐,107600,20250509,KOSDAQ
00961507,케일럼,258610,20251210,KOSDAQ
00876908,모트렉스,118990,20251212,KOSDAQ
01480708,HEM파마,376270,20260304,KOSDAQ
00444329,위메이드,112040,20260304,KOSDAQ
00482426,인화정공,101930,20260304,KOSDAQ
00367844,자이에스앤디,317400,20260430,KOSPI
01179617,한국비엔씨,256840,20260430,KOSDAQ
01257872,에스프리즘,288620,20260430,KOSDAQ
00563837,제로투세븐,159580,20251217,KOSDAQ
01787355,나라스페이스테크놀로지,478340,20251217,KOSDAQ
00139834,LG씨엔에스,064400,20251222,KOSPI
01948220,미래에셋비전스팩11호,0099W0,20251222,KOSDAQ
01949195,하나36호스팩,0101C0,20251222,KOSDAQ
00547583,하나금융지주,086790,20260306,KOSPI
00140131,키다리스튜디오,020120,20260306,KOSPI
00158325,NICE평가정보,030190,20260306,KOSPI
00159500,한국종합기술,023350,20250813,KOSPI
00138367,플레이위드,023770,20251015,KOSDAQ
00103547,우진비앤지,018620,20260611,KOSDAQ
00180865,디에이치엑스컴퍼니,031860,20260611,KOSDAQ
00543204,아이오케이이엔엠,078860,20260611,KOSDAQ
01207716,앱코,129890,20251128,KOSDAQ
00369213,폴라리스AI,039980,20251226,KOSDAQ
00145880,현대제철,004020,20251226,KOSPI
00143226,엠투엔,033310,20260313,KOSDAQ
00340096,미래에셋벤처투자,100790,20260313,KOSDAQ
00166528,서암기계공업,100660,20250918,KOSDAQ
00201432,비츠로시스,054220,20260617,KOSDAQ
00199076,동일기연,032960,20260618,KOSDAQ
01989041,메리츠제2호스팩,0165X0,20260619,KOSDAQ
00175623,ES큐브,050120,20251020,KOSDAQ
01370322,삼진식품,0013V0,20251222,KOSDAQ
00904672,넷마블,251270,20251222,KOSPI
01012640,슈어소프트테크,298830,20260115,KOSDAQ
00104120,광진실업,026910,20260306,KOSDAQ
01524507,핀텔,291810,20260306,KOSDAQ
00651017,나우IB,293580,20260309,KOSDAQ
00111847,대원강업,000430,20260310,KOSPI
00980043,비큐AI,148780,20250818,KOSDAQ
01071041,CJ 바이오사이언스,311690,20250818,KOSDAQ
00876166,KBG,318000,20251209,KOSDAQ
01954832,유진스팩12호,0105P0,20251211,KOSDAQ
01934935,KB제33호스팩,0072Z0,20251022,KOSDAQ
00103592,광동제약,009290,20251205,KOSPI
01235296,셀리드,299660,20251205,KOSDAQ
00949161,티엠씨,217590,20251215,KOSPI
00591441,어보브반도체,102120,20251215,KOSDAQ
00683007,엑스큐어,070300,20251215,KOSDAQ
00108746,DKME,015590,20260518,KOSPI
00397289,오텍,067170,20260518,KOSDAQ
00550082,캔버스엔,210120,20260518,KOSDAQ
00781202,파이온엑스,900100,20260518,KOSDAQ
01336373,메드팩토,235980,20260518,KOSDAQ
00600013,맵스리얼티,094800,20251031,KOSPI
00109693,DL,000210,20250919,KOSPI
00117179,디와이,013570,20260703,KOSPI
00199252,HLB,028300,20260703,KOSDAQ
01309795,아틀라스링크,297570,20260703,KOSDAQ
01368637,성원에너텍,340930,20260703,KOSDAQ
00126089,DH오토넥스,000300,20260713,KOSPI
01065013,우정바이오,215380,20260713,KOSDAQ
01501764,레메디,387690,20260713,KOSDAQ
00684714,풍산,103140,20260715,KOSPI
00145668,이화공영,001840,20260715,KOSDAQ
01359736,프로이천,321260,20260715,KOSDAQ
01497142,엠아이큐브솔루션,373170,20260715,KOSDAQ
00349811,오션인더블유,052300,20260714,KOSDAQ
01136348,나무기술,242040,20260714,KOSDAQ
01573284,코닉오토메이션,391710,20260714,KOSDAQ
00120906,에스아이리소스,065420,20260716,KOSDAQ
00474588,한중엔시에스,107640,20260716,KOSDAQ
01116502,아티스트컴퍼니,321820,20260716,KOSDAQ
01267222,에피소드컴퍼니,317530,20260716,KOSDAQ
01276901,엔피,291230,20260716,KOSDAQ
01669226,한화리츠,451800,20260721,KOSPI
00308559,코디,080530,20260721,KOSDAQ
01061327,클래시스,214150,20260721,KOSDAQ
01370517,스트라드비젼,475040,20260703,KOSDAQ
00121932,미원상사,002840,20260706,KOSPI
01226234,와이바이오로직스,338840,20260706,KOSDAQ
01335453,조이웍스앤코,309930,20260706,KOSDAQ
01424261,레몬헬스케어,365660,20260706,KOSDAQ
00965318,이노시뮬레이션,274400,20260721,KOSDAQ
00760971,크래프톤,259960,20260720,KOSPI
00111421,휴니드테크놀러지스,005870,20260702,KOSPI
00155586,HLB이노베이션,024850,20260702,KOSDAQ
00390365,토비스,051360,20260702,KOSDAQ
00145862,인천도시가스,034590,20260702,KOSPI
00620558,루트K,195990,20260702,KOSDAQ
00829380,피제이메탈,128660,20260702,KOSDAQ
00915508,알엔투테크놀로지,148250,20260702,KOSDAQ
01234507,매일유업,267980,20260702,KOSDAQ
00109806,삼일씨엔에스,004440,20260701,KOSPI
00164618,현대사료,016790,20260701,KOSDAQ
00120182,NH투자증권,005940,20260701,KOSPI
00304915,코리아에셋투자증권,190650,20260701,KOSDAQ
00120872,만호제강,001080,20260701,KOSPI
00367871,인바이오,352940,20260701,KOSDAQ
00525864,피앤씨테크,237750,20260701,KOSDAQ
00693651,비덴트,121800,20260701,KOSDAQ
00959229,세종메디칼,258830,20260701,KOSDAQ
00985686,큐브엔터,182360,20260701,KOSDAQ
01182259,알피바이오,314140,20260701,KOSDAQ
01182550,EDGC,245620,20260701,KOSDAQ
01802928,코스모로보틱스,439960,20260701,KOSDAQ
01379129,매드업,0039P0,20260701,KOSDAQ
00113535,대한해운,005880,20260707,KOSPI
00331016,에프앤가이드,064850,20260707,KOSDAQ
00346911,아이톡시,052770,20260707,KOSDAQ
00481454,금호타이어,073240,20260710,KOSPI
00351092,삼보모터스,053700,20260710,KOSDAQ
00351579,비트플래닛,049470,20260710,KOSDAQ
00527491,하이드로리튬,101670,20260630,KOSDAQ
00261656,잉크테크,049550,20260708,KOSDAQ
00112332,미래에셋생명,085620,20260720,KOSPI
00130587,서울전자통신,027040,20260720,KOSDAQ
00861997,아고스,175140,20260720,KOSDAQ
01366000,태성,323280,20260720,KOSDAQ
00352499,링네트,042500,20260701,KOSDAQ
00103662,광명전기,017040,20260630,KOSPI
00249441,씨씨에스,066790,20260630,KOSDAQ
00118008,동원금속,018500,20260630,KOSPI
00542898,케이이엠텍,106080,20260630,KOSDAQ
00428729,대호에이엘,069460,20260630,KOSPI
00556615,모바일어플라이언스,087260,20260630,KOSDAQ
01307335,나인앤컴퍼니,366030,20260630,KOSDAQ
01987779,한국제16호스팩,0164H0,20260630,KOSDAQ
00125725,디모아,016670,20260703,KOSDAQ
00106641,기아,000270,20260709,KOSPI
00396925,엠로,058970,20260709,KOSDAQ
00263371,한국경제TV,039340,20260720,KOSDAQ
00165680,호텔신라,008770,20260721,KOSPI
