stock_code,corp_name,revenue,operating_profit,net_income,cash_survival_years,inventory_months,cash_flow_match,cash_to_revenue,cash_to_op_profit_x3,happy_debt_growth,sga_ratio,sga_ratio_change,current_ratio,quick_ratio,debt_ratio,cash_months,revenue_growth,gross_margin,operating_margin,net_margin,roa,roe,inventory_turnover,receivable_turnover,debt_growth,revenue_minus_debt_growth,market
000020,동화약품,464874735245.0,13411192945.0,0.0,,4.27721410184158,,5.519003313759016,63.76875432389061,,38.12798331008168,-3.436131172940428,177.45283419078277,110.79520046508732,1227.4844012339993,1.7369929908565709,28.735450818444225,46.08935373463156,2.884904669627181,0.0,0.0,0.0,5.204101015837537,,38.022585527873474,-9.28713470942925,KOSPI
000040,KR모터스,16024969823.0,-4937030424.0,0.0,,,,46.519873237454895,-50.33252115658152,,29.19747712900264,0.3425200085099789,39.52451105521066,,-698.0220868189812,19.119408035941078,-79.56162114026529,-1.6108830646875658,-30.80836019369021,0.0,0.0,-0.0,,,-54.69430896842267,-24.86731217184262,KOSPI
000050,경방,397276756397.0,,0.0,,2.41386524336251,,5.442170247784288,,73.82563272540288,23.032970481806668,-1.3173159832919588,58.953902839642105,36.814438305721545,3317.2827656995537,2.83532873126354,0.9549215647925612,31.452658271588625,,0.0,0.0,0.0,7.252330829672418,7.508214920091324,-3.006384464845389,3.961306029637949,KOSPI
000070,삼양홀딩스,3553264096673.0,127538574846.0,,,2.1552335301689065,,8.466421276163453,78.6257041166436,,14.39587982463648,0.8827259667326732,188.7178963791339,135.7870266937794,-19553.598135866723,7.057370341484283,10.664161592987693,17.98521547141312,3.589335646776641,,,,6.788827330518528,,-2.0385606721856115,12.702722265173303,KOSPI
000080,하이트진로,2599183408023.0,208141871425.0,0.0,,-0.1808770243309053,,9.971482926060082,41.50648593250327,,37.592403644389286,-1.693736523727921,61.88809849529068,63.17722639488693,199.3955181264265,3.183031238029922,3.134768459158612,45.60037533205551,8.007971687666227,0.0,0.0,0.0,-121.95565360837162,,2.210566452314242,0.92420200684437,KOSPI
000100,유한양행,2067791451854.0,54880319609.0,-15523994164.0,20.59517840849402,-0.5105086568587087,,15.46187982996722,194.19191414935327,-28.455662597068937,19.815725370642017,-1.1195835265655596,219.70297078064996,229.1743303642415,1126.3773611131403,9.36339974889323,11.23235698549169,33.33926103272601,2.654054864178581,-0.7507524102627008,-0.5276592954779437,-22.095455430753404,-35.26208689961209,-42.903527040244825,11.095991102220392,0.1363658832712975,KOSPI
000120,CJ대한통운,12116761147160.0,530663067133.0,0.0,,0.0402815836140201,,2.2875611713941124,17.410816793821382,-19.58206177643901,7.064581293687003,,92.87513234434124,91.67321762689932,202.3911264335045,3.885684503518937,2.964570329012373,11.444159802234068,4.379578508547064,0.0,0.0,0.0,336.40117360414547,7.571744606220839,3.834132803867058,-0.8695624748546851,KOSPI
000140,하이트진로홀딩스,,,0.0,,-0.1809281841171924,,,,,,,49.04300173602151,50.042262124432526,732.9690587422547,3.2319742233026547,,,,,0.0,0.0,,,1.6842142090811405,,KOSPI
000150,두산,,1003759000000.0,0.0,,2.4808759392757054,,,130.04652179125335,,,,108.05945378690564,79.60928357437516,946.6039143857124,23.99568010955977,,,,,0.0,0.0,,,6.870644481243337,,KOSPI
000180,성창기업지주,143105590875.0,-7293464621.0,-3526171396.0,2.975244221792785,,-0.0278027656600048,7.331104960227501,-47.94804488753183,,19.972350932791606,2.084785651084616,87.5143804573823,,-4318.292745937732,4.404752340811873,-13.923416202677918,14.875789312518709,-5.096561620272895,-2.464034685465254,-0.4898186033446659,107.59736343920714,,7.119892540067039,-27.711426206923544,13.788010004245626,KOSPI
000210,DL,5615368498981.0,412518392958.0,89366024952.0,,2.8728003619228004,6.233962928968031,17.82792462689967,80.89365877260218,,,,108.97301569598574,69.3229117104534,,,11.908621181538203,22.086678353042423,7.346239040819105,1.5914543269638834,,,5.361225559027907,,,,KOSPI
000220,유유제약,133147218082.0,11697341742.0,8720350799.0,,,2.861135859679078,31.41820780456492,119.20790947114088,,30.04742053067989,-5.323337255543326,158.1073268038054,,738.6954258536845,12.547449564591563,-2.9607045909025382,38.83268988177973,8.785269351099831,6.549405180684651,4.198786657629653,88.69903852089043,,6.748289852022522,-6.722279427053753,3.7615748361512154,KOSPI
000230,일동홀딩스,,-2411599959.0,63038086166.0,,2.690976953769405,0.274659840106923,,-1095.9516013299674,,,,72.42208675521313,46.630534811639954,1424.4969223903777,5.306938379888232,,,,,7.375451005084196,149.4873727450038,,,-15.046572503718824,,KOSPI
000240,한국앤컴퍼니,1390995724547.0,418268299588.0,0.0,,2.974447142119019,,12.904439473921252,14.30502873680284,,8.125788308861253,-1.2518962754397247,154.719316799626,110.75402773836916,15.350824045803382,19.057015492045984,27.65316148159028,38.19549249319408,30.069704184332828,0.0,0.0,0.0,6.527619638626688,4.712116391050888,9.490282529403762,18.16287895218652,KOSPI
000270,기아,107448752000000.0,12667139000000.0,0.0,,1.8025235521897904,,17.544778928656147,49.60774489014449,29.32939091991545,11.264562663324371,0.2224341535252971,154.93522053442115,108.90003905494738,2365.3967897991224,18.690237112298192,7.654997444103413,23.05356789997896,11.789005236654589,0.0,0.0,0.0,8.651906372482866,30.171258488836223,8.353414045974311,-0.6984166018708979,KOSPI
000300,DH오토넥스,32380378302.0,-8564101590.0,113530380434.0,,,-0.0216280195275787,12.861424530493428,-16.209436853881755,,29.937141266818543,-36.563633257862776,91.85684445607212,,152.50999184792337,5.155371816913724,-1.250056486831386,3.488711572372907,-26.44842969444564,350.61474382770785,171.85523551559234,433.9516411906517,,2.8796866711758238,-80.27272154224201,79.02266505541063,KOSPI
000320,노루홀딩스,1247877697168.0,72554697963.0,0.0,,2.0124373734626624,,10.69162071561874,61.29552559276866,,18.85322724173398,0.4358466400538496,172.30267677589876,128.373083557161,3283.305323955159,6.805171705744788,2.738408914578464,24.667474753942862,5.814247512208888,0.0,0.0,0.0,7.915463418363326,5.3443614258246415,-10.591785046982745,13.330193961561209,KOSPI
000370,한화손해보험,,435735704686.0,0.0,,,,,22.73404183415531,,,,,,24469.905114711702,,,,,,0.0,0.0,,,14.2969978320192,,KOSPI
000390,SP삼화,628348259134.0,18981518300.0,0.0,,2.436271960735134,,9.63413040539518,106.30672377948468,,16.697912189269676,-0.1861394172667694,119.41154874239382,79.91158340535645,1643.8775791657847,6.9235940130907245,-0.4804725565302524,19.71877172441992,3.0208595351502434,0.0,0.0,0.0,6.135380062463523,,2.8925298618987147,-3.373002418428967,KOSPI
000430,대원강업,1367585047000.0,22564927000.0,23615769000.0,,,2.334966225321733,1.471503877886433,29.72764916692765,,,,98.18168202910208,,381.8048118800376,,23.566891131822583,10.85136623316707,1.64998345437452,1.7268226975576166,1.813320628375462,14.511688964565565,,,52.24659214006338,-28.679701008240794,KOSPI
000480,시알홀딩스,810831515000.0,17438364000.0,2470935000.0,,,32.81083355086233,22.95387248237385,355.7620275235299,,12.688548865789953,-0.0778422863389192,74.12831653070381,,3563.998900416694,21.70827197829747,-0.7434076980729616,14.83922550790345,2.1506766421134973,0.3047408683911354,0.1455464117156113,10.539173295054072,,8.260682698920139,5.089877788808956,-5.833285486881917,KOSPI
000490,대동,,18456574878.0,30721182361.0,,7.895091398630126,8.315847289273542,,112.81727864986009,,,,102.97240901468264,36.82509983137152,903.534515221281,2.58455158995995,,,,,1.440532160905818,18.125526729250392,,,11.026879508232032,,KOSPI
000500,가온전선,,45011778000.0,,,,,,55.485098440975456,653.5820667235269,,,,,659.3545688894527,12.553975320734898,,,,,,,,,25.14587512821053,,KOSPI
000520,삼일제약,219699586442.0,113040731.0,0.0,,,,2.3381905743168754,1514.791755902569,,36.7780136096575,2.349080512689845,85.64181195521331,,254.14883267959257,0.7629092530553284,11.894207904004286,36.82946601920941,0.0514524095519143,0.0,0.0,0.0,,,-9.843593202584412,21.737801106588694,KOSPI
000590,CS홀딩스,,22314081505.0,31019979580.0,,,0.9519549069606448,,132.4907888039613,,,,1125.1337323860562,,80.76483623259185,,,,,,7.518413030822546,71.39672342015979,,,-4.393787459142166,,KOSPI
000640,동아쏘시오홀딩스,,82094664924.0,0.0,,2.3809419793564213,,,47.66491559497239,,,,63.8680246306312,37.76704266094747,311.8048750132321,4.321534085145806,,,,,0.0,0.0,,,3.9523967285095,,KOSPI
000660,SK하이닉스,66192960000000.0,23467319000000.0,0.0,,4.649152007631993,,20.52654391040981,19.29935981751189,,12.630991271579331,-9.333626687819024,169.34962983233945,116.02016771662464,1023.8075711318812,19.501123991681684,102.0189454716376,48.083883845049385,35.452892573470045,0.0,0.0,0.0,4.97170446277461,5.084332859205995,-1.894033608766916,103.91297908040453,KOSPI
000670,영풍,2787414358375.0,-160701935806.0,-252140554081.0,0.8358861666350318,2.566903925579041,,7.561157908609928,-43.71671072223035,,4.239108052126326,0.4131155411323219,167.69222956614246,102.45512332889442,94948.81969207025,21.404006170073263,-25.900784801440423,-1.5285117677602231,-5.765268996450375,-9.045678957756117,-4.4221936075073005,-13948.006482262856,4.604512026917383,,33.536302664071286,-59.43708746551171,KOSPI
000680,LS네트웍스,1933813959649.0,25619240717.0,0.0,,,,7.8163971892847215,196.66804552316972,,,,86.34637517661923,,-17571.553137076688,,409.3920456914184,14.669717342121716,1.3248037945516775,0.0,0.0,-0.0,,,1063.518358677141,-654.1263129857223,KOSPI
000700,유수홀딩스,435867054050.0,18315439948.0,0.0,,,,43.34943074530366,343.87359749195724,,15.664468692365944,-0.5329997079142164,490.4468936159861,,19.65555971392869,33.2084783186524,27.53111705992468,19.86653897453482,4.202070282168875,0.0,0.0,0.0,,,-1.559886567623629,29.09100362754831,KOSPI
000720,현대건설,32670268000000.0,-1263420000000.0,-168663000000.0,31.995007796612175,0.2833361221588909,0.7043631383290941,16.517691253711174,-142.3747711238807,,3.203178498566342,0.1092964883770615,143.89652732669452,138.601090101287,3084.407136706212,61.87987810646477,10.181358647430535,-0.6640074088158688,-3.8671859073822095,-0.516258391268783,-0.6245532141089638,-30.00843338338801,42.073155435016375,6.1419387198590165,30.74891130388612,-20.567552656455582,KOSPI
000760,이화산업,49487533689.0,772077303.0,-629149624.0,31.12796796966694,,-1.4250178380461052,39.573904545485824,845.5176387089484,,21.579086030253517,-0.6783511497599655,124.80206621704922,,30.273381188933072,22.00681038483496,4.873482638461326,23.13923107173417,1.5601450414806506,-1.271329518973071,-0.2332251791782518,-0.3038303266994561,,4.377942867635793,6.840322481511506,-1.96683984305018,KOSPI
000810,삼성화재해상보험,,2649596688033.0,,,,,,,,,,,,7630.401728143233,,,,,,,,,,4.054680246429941,,KOSPI
000850,화천기공,222200718833.0,-741138094.0,8654343281.0,,3.133372051916788,1.4906971221401912,6.942929085479103,-693.8535234253749,,14.861025746643922,1.4081316033865896,291.069987190163,210.4384395524881,34.47036428200017,5.606285221904307,-1.5593230146528585,15.49268066359082,-0.3335444178094757,3.894831360786176,2.0182241742540645,3.2588470055222607,4.531844034386145,5.43335172358327,-22.644895999483765,21.085572984830907,KOSPI
000860,강남제비스코,643137092555.0,20529999372.0,0.0,,1.8724178194010157,,8.80129714166024,91.90519284866672,-0.9551083991105,10.181514936863971,0.2306253589143079,162.17212760880602,118.11208439333248,1915.5413339928132,10.373266292378856,0.6806489036347053,13.373680279161396,3.192165342297421,0.0,0.0,0.0,7.398243419092408,5.2111402883885525,-9.818867032056303,10.499515935691008,KOSPI
000880,한화,55646829000000.0,2416109000000.0,0.0,,3.2880199511909067,,15.8936855144073,122.01894312991122,,8.099315057107747,0.5942204216942377,141.5124551182961,118.80283431198546,11848.736219706218,23.54819201723892,4.727627440789149,12.441177915097372,4.341862857989626,0.0,0.0,0.0,4.168184089483016,,20.355682054222346,-15.628054613433193,KOSPI
000890,보해양조,,2300656654.0,6685688838.0,,4.382569711719663,0.4920399155136391,,264.0454454067066,,,,132.45297823548452,81.18005689563354,59.49715118874907,8.849696137620812,,,,,4.815678399325822,7.680869857336638,,,-18.168898929011178,,KOSPI
000910,유니온,218159407914.0,,,,3.5745385560309817,,3.534061649561908,,,16.786408455708823,3.257309973042135,77.77542200927475,41.18400488902598,3137.3365166216886,2.526373637734299,-2.88909624609252,11.534915533379165,,,,,3.7948041222682063,,-1.395571408253515,-1.4935248378390047,KOSPI
000950,전방,57235842614.0,-8482983755.0,8913315702.0,,,1.1305615997354248,37.12132048843641,-83.48752901350647,,8.334241617040869,1.3689979118364013,579.0574456012927,,47.74313825787534,53.44887589416914,-39.60706262291965,-6.486862375800579,-14.821103992841447,15.572961443254416,3.842377008307836,12.78065856073204,,0.8339244284448412,-29.396480459560248,-10.2105821633594,KOSPI
000970,한국주철관공업,419416899335.0,15445910306.0,13647861616.0,,2.957062871966203,1.78289120806103,12.018204217074004,108.78042252910474,32.272566652487754,14.53443453224083,2.011024900159033,416.7631661837614,274.9383026658882,20.904461529765424,9.922536049474594,-8.088257652317896,18.264159526346376,3.682710527518091,3.25400851459232,3.176093008782073,3.870023150877522,4.96487312599004,9.87254471904524,-1.1288177223381308,-6.959439929979766,KOSPI
000990,DB하이텍,1131167709804.0,190838683363.0,0.0,,1.1348591944034538,,38.47005490162032,76.00849599296866,,17.327054314869102,2.028309763841998,376.9314718600541,354.716269519121,22.4653811468501,26.64276630236507,-1.9975270266664944,34.19799941955805,16.870945104688946,0.0,0.0,0.0,16.069418738625604,11.263549655438458,30.61894300406961,-32.61647003073611,KOSPI
001020,페이퍼코리아,290184364896.0,2037606335.0,0.0,,4.806045987475906,,25.19821752154226,1196.195853667354,-25.399014197444604,10.97790262284359,2.226813763429032,171.06632123705396,97.0980612070329,71.91620466773738,27.54429699797997,-19.854446493958296,11.680079094594667,0.7021764717510757,0.0,0.0,0.0,2.827057569756222,,4.971215280781778,-24.825661774740077,KOSPI
001040,CJ,43646656090000.0,2547483645000.0,100471747000.0,,1.1923101788521382,,7.231708677731147,41.30087380142271,,23.08616522929604,0.4556232896343672,81.02656702716678,62.79287684107121,2996.5836428695725,3.7589830650025178,5.547324812790292,28.922771909420742,5.836606680124714,0.2301934581032413,0.2115328575140881,10.119860435661373,14.159943219526635,,1.4999959203463833,4.047328892443908,KOSPI
001060,JW중외제약,719375756340.0,82488136816.0,65040120873.0,,3.386910001953933,1.2206599760480736,4.350207757378092,12.645996206220495,,33.502663967604015,2.075779194975276,146.87975987857288,93.32013857566612,167.62515101270677,1.558159468722106,-3.894443734949112,44.96929126064465,11.466627293040643,9.041188877966574,10.757572010808632,39.62883841289589,6.438318887792366,5.308910991509116,-27.525558814266397,23.631115079317283,KOSPI
001070,대한방직,133909117274.0,2418669755.0,1115640400.0,,3.281229629487833,4.685814715028248,15.695437963342332,289.6581531445991,,9.081454368127014,-3.5246141286105104,166.7147553972453,90.8587174712175,145.859661461736,20.73954764570962,-10.371118466469904,10.887656816651118,1.8062024485241028,0.8331325175695221,0.6017526083245269,3.0668115644758145,4.103994385910017,8.469639537002077,6.585440803858379,-16.956559270328285,KOSPI
001120,LX인터내셔널,16637572685167.0,489185373375.0,175694960423.0,,0.6960600390897708,,7.503838374981492,85.07044784826778,14.377412087377916,6.117850271905714,-0.375883211156693,134.73170345083264,108.89651274240752,210.92837489430235,14.718578666968344,14.628438994446244,9.058095117904951,2.9402448459992394,1.0560131802137125,1.9672780665738177,6.604415401573831,18.957038745609516,10.52212778082522,14.04093514563795,0.5875038488082929,KOSPI
001130,대한제분,1374735359151.0,72306706525.0,48742551364.0,,2.1303259169243107,1.559302799794245,7.3164911277263585,46.36840085606891,,15.01798170176569,0.917675578928124,167.40533309365983,126.6115074165652,1462.477321358297,5.8461846123033805,-4.628866260231082,20.277663577530834,5.259681875765144,3.5455952332601752,3.123596703937175,136.26604954503355,7.065699725468553,,28.409532771540437,-33.03839903177152,KOSPI
001200,유진증권,,58338142158.0,0.0,,,,,267.97660753622154,,,,,,,22.432559669835356,,,,,0.0,,,,11.810253409558594,,KOSPI
001210,금호전기,53171559352.0,-4957267533.0,-12196816073.0,0.2049280110514297,,0.1191073438596732,4.700763508651895,-16.80676731930309,,35.76689048199724,-7.333226009220041,94.93053099612922,,1525.594078485455,1.5771335261088884,-0.3774086559973201,26.4437342807986,-9.323156201198634,-22.938608951180267,-36.58141462741786,-761.7956136403765,,6.996488877724778,-46.61843999840935,46.24103134241203,KOSPI
001230,동국홀딩스,1999426088314.0,58003101705.0,0.0,,1.4926243969523592,,11.38716214961402,130.84236534795153,55.59789670349756,5.550735692940037,-0.613291929932136,167.3693112137421,130.58257193065006,629.255218846986,24.617627888347805,8.598729619190246,8.451723233515276,2.9009875405752386,0.0,0.0,0.0,8.781739219813295,5.096885025142464,13.244764472042927,-4.646034852852681,KOSPI
001250,GS글로벌,4066493928000.0,77879797000.0,54187863000.0,,,-0.399598079739738,2.8199599219959786,49.08140639692046,,,,140.74497657828243,,164.00992677242877,,3.829992235555191,5.011449410923601,1.915158325056277,1.3325450365703828,3.763983221211204,10.18543960322233,,8.948359471802142,-8.451920567905422,12.281912803460612,KOSPI
001260,남광토건,504249000325.0,7304140896.0,6198754619.0,,,0.01814471323889,9.437132320010416,217.1674308247992,,3.37281788997863,-0.3754454568051666,119.61464163527904,,-20278.71409684824,33.575956821327964,-7.9305918755591485,4.821336556608076,1.4485186666294458,1.2293042951011823,1.4863922392399664,-422.7438931891448,,7.688087308310268,12.506405765399714,-20.436997640958865,KOSPI
001270,부국증권,,,,,,,,,,,,,,-1506.3642069152934,,,,,,,,,,-12.986694960902758,,KOSPI
001290,상상인증권,,,0.0,,,,,,,,,,,3859679629.452206,,,,,,0.0,0.0,,,-45.87412506884503,,KOSPI
001340,PKC,245228124294.0,9748351104.0,3600645965.0,,,7.397477031319296,11.62391801065431,97.4698722648716,,19.60586635297946,2.28864840234883,45.20984992849256,,435.5472973584125,7.114555083491843,5.01290744721451,23.581083768218857,3.975217415239396,1.468284266075144,0.7755071189747682,6.2513639823848095,,8.907271043710832,17.635642310510566,-12.622734863296056,KOSPI
001380,SG글로벌,99434870010.0,6154463640.0,6316098065.0,,1.5016293425361102,1.4753778375668714,16.828063311509528,90.62778853300692,,7.570725071841425,,137.61655957266666,100.099372290604,61.78482414341748,26.6733711529426,,13.76016710498438,6.1894420331429565,6.351995094240884,3.159918487296672,7.777366022729574,9.266390406580948,,-12.271724280876043,,KOSPI
001390,KG케미칼,8863142439982.0,318801578803.0,61855875898.0,,1.7155097343663963,6.102638941294263,4.9977736097051775,46.31509830442446,33.069568298502155,7.958167403529086,-0.9260181022120788,97.2511043528328,65.80560864613359,460.9905005713128,7.53606707115343,-0.7826501430100608,11.555103602645923,3.596936199116839,0.6979000542625333,0.7579496157282997,6.50066999699611,7.908885384093195,10.819662199104938,4.893459026821718,-5.676109169831779,KOSPI
001430,세아베스틸지주,3636063257694.0,52332166350.0,20236627791.0,,0.50822539599927,,7.248358475950916,167.8731060404496,,,,150.60061288795657,138.0203359206555,5949.975777125007,,-10.956776802813344,7.096252490657701,1.4392534629111262,0.5565532378508211,0.5288344733645831,67.07038922300538,25.415089908021574,94.1415555592316,10.400136921151873,-21.356913723965217,KOSPI
001440,대한전선,3291299375000.0,115169757000.0,0.0,,,,18.370583988580496,174.99701650552814,,4.503280319190046,0.558904426016575,192.99013471245047,,116.46135795664358,48.952539535139415,15.728639481028814,8.00249883072396,3.499218511533914,0.0,0.0,0.0,,,23.92081844636964,-8.192178965340826,KOSPI
001450,현대해상,,1244069529604.0,0.0,,,,,38.79652033885659,,,,,,-64681.21815262568,,,,,,0.0,-0.0,,,15.112872223303487,,KOSPI
001460,BYC,165207568941.0,23832906913.0,18404839494.0,,,1.53329707163161,31.515995386745526,72.8220159295793,,28.353457934320517,1.5636583891926603,256.1724001279783,,4298.046953187134,13.33847693346648,-1.8966306665741095,42.77949607880248,14.426038144481964,11.14043358423418,2.6428509831276545,538.1532015789473,,,-2.487211372898382,0.5905807063242721,KOSPI
001470,삼부토건,462425746422.0,-112577744269.0,-127706950624.0,0.1333241509785155,,-0.7297408040959535,3.6819794091789273,-5.0413815141875205,,14.447419057854944,7.039209090258174,77.77059139644174,,255.5593690199364,3.0582454023941934,-19.57473040711553,-9.897623392758073,-24.34504245061301,-27.616747469648317,-42.52199642416536,-111.51587458752124,,3.966561731034652,-28.89851543231424,9.323785025198704,KOSPI
001500,현대차증권,,54691000000.0,36150000000.0,,,,,,,,,,,820.9770408457141,,,,,,0.3014510678622641,2.776295124395685,,,3.710379307554919,,KOSPI
001510,SK증권,,-107876388585.0,-82546404429.0,,,,,,,,,,,7890.721979675929,,,,,,-1.3511607981492864,-117.3600939454302,,,-4.340620036110806,,KOSPI
001520,동양,750408346536.0,-920616899.0,0.0,,1.3461426539022483,,8.429273167201568,-2290.274759157265,,10.151334692323484,1.572973079325413,71.60281705909235,57.7071274303783,509.706778158265,9.964332875647392,-13.380474214107352,10.02865256821736,-0.1226821241061228,0.0,0.0,0.0,9.90799858500265,5.057026062628015,96.17695513993692,-109.55742935404427,KOSPI
001530,디아이동일,651725598894.0,7810548526.0,,,2.435243099182104,,13.1771983722505,366.5093632588573,,9.01512116751394,0.8108819485909766,95.09408001976536,59.93089862296511,78.18196853990223,17.540128139022208,-4.561106987280294,10.213562434705956,1.1984412671920146,,,,5.488177944950289,6.846798616896868,21.42343399041917,-25.984540977699464,KOSPI
001560,제일연마,81974461738.0,5753862882.0,5993875383.0,,4.91019402147799,1.1343516393890969,35.68376441005671,169.4604963824023,,16.847212003830773,,492.261616293278,311.83321907248865,1447.1130227871572,25.41697539173329,,23.866303999079268,7.019091995248497,7.311881354167508,5.16303485409915,514.567503099883,3.210004780802036,,56.1551646279174,,KOSPI
001570,금양,153730068660.0,-56002221720.0,-140110721569.0,0.1424241680260902,2.353082425004093,0.1452052955703381,12.980644011246875,-11.877596006084548,483.4331905959917,48.075213652870815,15.634800945050236,14.80971630036648,11.045486604442308,131.08792132267985,3.2400839496978677,1.1176122948066167,11.646281949302551,-36.42893170356826,-91.14073960304962,-11.147023949003753,-24.090874083226428,5.771906349492914,5.535717632042551,66.85138791442394,-65.73377561961732,KOSPI
001620,케이비아이동국실업,668399686056.0,-6326628228.0,25660357954.0,,0.9083076064505166,2.5192392971635478,4.247285335891304,-149.57331050030947,,10.668126390775392,1.3826912479720672,80.48984803581905,70.09643259840745,-6584.99606353992,4.77754220035925,2.9227983570294267,9.72159269843761,-0.946533692337782,3.839073908818401,3.3551239952047367,-313.5622018206578,14.634045678816104,,26.443523141475296,-23.520724784445868,KOSPI
001630,종근당홀딩스,957752613068.0,35486435048.0,0.0,,5.558519013178024,,4.487267676600811,40.36934429533252,,42.71346671835756,,87.34140096532438,40.03940041747071,510.28190134637833,1.260661244713885,,46.41864429384077,3.7051775754832086,0.0,0.0,0.0,4.029103768469441,7.729821335288752,2.1357851807106027,,KOSPI
001680,대상,4255134757567.0,176941145485.0,1504281975.0,,2.502243198886801,,16.565228923490828,132.78856304863902,,22.681564851282,0.8848878155360502,153.90467565385896,98.58852713816248,145.08142849259755,8.764066694042693,3.5944255982330704,26.839861957392248,4.1582971061102505,0.0353521582912245,0.0428590497226927,0.105828492855433,6.555068166233907,,3.5975186849059893,-0.0030930866729188,KOSPI
001720,신영증권,,,,,,,,,,,,,,-4908.242299892752,,,,,,,,,,,,KOSPI
001740,SK네트웍스,7657281000000.0,113915000000.0,0.0,,0.6856882588144845,,8.967425904834888,200.9278848264057,,9.742400729449528,-1.150313167085205,102.14503249871854,82.37418549593569,478.50163569483885,11.04544083602881,-16.166055406762545,11.230069785867856,1.4876690564183292,0.0,0.0,0.0,19.714631081909136,15.13419269150267,-55.369732309270034,39.20367690250749,KOSPI
001750,한양증권,,54449191375.0,38797645588.0,,,,,,,,,,,-232077.2778941752,,,,,,2.240906005833464,-7397.468019839482,,,,,KOSPI
001780,알루코,622944292918.0,38053108468.0,18154888938.0,,,2.40719074119626,7.922906027569432,43.23369182266616,,10.07441777161622,0.6632061031649439,92.55420030174074,,4121.546751569455,9.43725726748182,5.3718631289630165,16.183007078976495,6.108589307360272,2.9143679690777398,1.9030270529548172,133.07560431078923,,,11.940372880908273,-6.568509751945256,KOSPI
001790,대한제당,1373829105000.0,36996731000.0,20491028000.0,,2.013196560299041,2.45729033213951,15.401674431697238,190.64088482123825,,7.035648149265262,0.128549413029698,172.3828374952011,116.69404527946992,6100.222718821333,26.26909266343397,3.1132378587725382,9.833703588627932,2.692964566360676,1.491526706300199,1.6611522731442625,185.35202680730643,6.610751542221785,,6.910335030497596,-3.797097171725057,KOSPI
001800,오리온홀딩스,3195245858433.0,506240029274.0,0.0,,,,16.75610107519451,35.25327872681373,,,,245.423094991862,,84.26516767415832,,,38.68445190925575,15.843539173610516,0.0,0.0,0.0,,,28.829437582153083,,KOSPI
001820,삼화콘덴서공업,295412198601.0,17842307493.0,0.0,,1.7447759263662217,,30.75887947021712,169.75659705384498,,9.97368237314905,-0.1728603058682711,382.2848141444926,315.3609740745063,1347.6083377894745,37.00805177396733,5.215560591846917,16.013482888326422,6.039800515177372,0.0,0.0,0.0,8.189021550636195,,-3.1357284852440945,8.351289077091012,KOSPI
001940,KISCO홀딩스,1013177626169.0,-3627526849.0,32413349113.0,,1.5917207319625153,,8.840082396081284,-823.019288349679,,5.614648054467721,,1286.382031753166,1154.092602774554,990.0882466419966,18.893613228092544,,5.256613416186544,-0.3580346382811775,3.199177348157646,1.895190329637312,214.6050122445781,7.957295178578328,,-26.54008174574894,,KOSPI
002020,코오롱,6028363775125.0,-89552863444.0,0.0,,0.8394055986934109,,5.82102471081755,-130.61653624190953,,7.566242561523954,1.116065141959214,76.52555160830842,63.587860854722976,4126.732339783892,9.232098490342516,2.2756571061491915,6.080717354609197,-1.4855252069147584,0.0,0.0,0.0,15.22140066141278,,19.68318739543516,-17.407530289285972,KOSPI
002030,아세아,2007423276000.0,172421989000.0,62147073000.0,,,4.089457165585256,12.250566183033538,47.54241196772956,,11.351202993623154,0.8931305759284189,94.92160536010071,,100.39368514985584,12.950767797826142,-5.126173117714117,19.940422370593254,8.589219376970101,3.0958629275154426,1.863883319631646,4.7833395010018736,,6.627507826783372,0.9569925924833588,-6.083165710197476,KOSPI
002070,비비안,235220902183.0,1680517987.0,-1043667313.0,24.32213834793157,,0.0025053893778505,10.791651821933442,503.4999322106829,,54.30014838036406,1.5424598411372583,118.40181272533894,,920.2642485682516,2.384888913306006,8.248064753743053,55.01459083484141,0.7144424544773536,-0.4436966712201601,-0.4054646395352319,-7.005891543898618,,4.723628402873597,33.33556685357193,-25.08750209982888,KOSPI
002100,경농,325185752782.0,26720336645.0,,,9.47442367222108,,13.196005235742076,53.53167206575314,,25.216817720170127,3.1507501150663337,154.85348284641273,60.76123950880089,1940.162817817834,6.279621187182716,-6.396527904709151,33.43376339395952,8.216945673789388,,,,1.9027180597752544,,16.81876749574078,-23.21529540044993,KOSPI
002140,고려산업,307656378676.0,14269657884.0,0.0,,2.200391471736808,,5.976280331363826,42.94989129257249,,,,85.90436042709378,55.76150075477882,165.44824629665268,,-3.573713202326952,16.32421850024129,4.638180409393593,0.0,0.0,0.0,6.517507142919348,,4.926177521805056,-8.499890724132008,KOSPI
002150,도화엔지니어링,,-13386874639.0,-5276413775.0,15.8487970439733,,-4.057797120355672,,-208.2258762035856,,,,87.08644551546043,,2068.65876311981,,,,,,-0.8718731285776369,-31.29545536773428,,,5.454477679984788,,KOSPI
002170,SYTS,191310493294.0,19991855072.0,11008468580.0,,,3.1538195129226594,91.22838549623545,291.0009662909185,,4.377323789621236,0.0246687184600604,1964.715097417581,,133.23815813333334,250.0935911002261,6.723327725190109,14.827275973517986,10.44995218389675,5.754241908248352,2.424071218090298,73.38979053333333,,4.067663914833594,-12.469244317800005,19.19257204299011,KOSPI
002200,한국수출포장공업,301761200613.0,-585859876.0,3395100263.0,,0.8819115935887736,2.539076239940782,16.001959990186936,-2747.3979453749107,,10.51479169672719,1.0689571472916253,360.5717486461149,312.27722081943057,22.04922207593349,18.2622276713301,-3.375929780249036,10.3206448432517,-0.1941468534754898,1.125095027492987,0.966704657101519,1.2897885686754873,15.17272957420676,,-5.2909850318025065,1.9150552515534711,KOSPI
002220,한일철강,205842246124.0,666960944.0,0.0,,,,16.507414582685232,1698.212029738681,,6.81882399230363,1.4985739849504514,78.42371761539762,,1543.9494118556536,29.0503135461195,-4.815237501637492,7.142839570523768,0.3240155782201389,0.0,0.0,0.0,,,9.235840488060978,-14.05107798969847,KOSPI
002240,고려제강,1739609163820.0,26107109844.0,0.0,,3.3011534096637147,,8.91685913400088,198.05396505255027,,9.970192022335562,0.6382205360864326,249.43891441855453,159.1335260761129,2727.479501608,10.73222154280483,-2.75415837188916,11.470937729300651,1.500745706965093,0.0,0.0,0.0,4.106101445518388,3.8142089895127103,3.932493966636336,-6.686652338525495,KOSPI
002310,아세아제지,891065284091.0,26566121417.0,0.0,,,,19.616416390894774,219.3207829103052,,,,258.90669883777235,,32.861218591611724,,-1.901185106398895,15.55396943899409,2.981388893867729,0.0,0.0,0.0,,7.133687388149721,-3.967607135425779,2.066422029026884,KOSPI
002320,한진,3015479161930.0,100088306580.0,-365000885.0,618.3391690680421,0.0388715287592653,-833.8757192355848,7.484526730920887,75.16507227531913,,4.036822750023227,0.159990058511628,65.70964780744045,64.84901067649162,2028.223630330599,22.248765014647688,7.406883258278178,7.355973744120643,3.3191509940974155,-0.012104241661096,-0.0087122645526257,-0.2777252421576769,333.22087767574465,,0.1431171435263829,7.263766114751795,KOSPI
002350,넥센타이어,2847925036412.0,172136969776.0,126365075538.0,,,2.052243803352254,4.823352736456219,26.60003258930998,,21.797922447990747,4.838847419176478,128.93301635888247,,4997.53748616514,2.655309604645824,5.411548085903209,27.842216717508084,6.044294269517335,4.437092757792631,2.7623954694772705,233.6462155728544,,,6.926490528060046,-1.514942442156837,KOSPI
002360,SH에너지화학,126047268210.0,-9694396156.0,0.0,,1.9916161449842396,,15.257303990880358,-66.12553814090974,,7.665292844667514,-0.0278989036189836,526.4287127966885,373.2383456426844,837.3052829307893,23.885277653538346,-5.961350486284381,-0.0257870919866721,-7.6910799366541855,0.0,0.0,0.0,6.023704104296541,7.081751237762174,-0.7849137558648654,-5.176436730419516,KOSPI
002380,케이씨씨,6658762417820.0,471118235184.0,310568028257.0,,-0.2106645440060595,,15.19013342874523,71.56553779434712,,17.414688359937614,1.258548799438767,123.63547931019173,126.3675441632254,160.12561400142516,10.467118180781258,5.888895341037545,24.489850463982744,7.075162104045132,4.66405029598092,2.369201970277944,6.162901172119364,-75.43701027888038,-46.10967256573448,2.065447408621905,3.82344793241564,KOSPI
002390,한독,507358329302.0,538506984.0,0.0,,3.357143983538499,,10.454950805277122,3283.40302051372,,30.920042941607345,1.504173755477872,96.05807176519896,67.34771634078439,219.33157259642903,4.057543189712129,-2.9427092745037955,31.026182321390632,0.106139379783289,0.0,0.0,0.0,5.182353255331354,,11.071267054775484,-14.01397632927928,KOSPI
002410,범양건영,101357084787.0,-38232332659.0,0.0,,2.755829842050078,,1.0213332419489372,-0.902546377201246,,11.83483160965826,,56.12038542641746,36.84432427649992,459.3356823617111,1.0355870964302758,,-25.88560277274779,-37.72043438240605,0.0,0.0,0.0,3.4590176943554707,,28.718215243815315,,KOSPI
002450,삼익악기,230380204827.0,5934200402.0,3121071310.0,,,11.262787776226746,46.00554672593923,595.3493624475452,,21.828120115946007,1.0715372512658767,149.10608349489584,,92.8997715313594,25.29153027282326,-7.0782280182219495,24.40394923566408,2.57582911971807,1.354748040242309,0.594509242699102,1.1468069708993829,,8.517211716918162,-7.032768083672418,-0.0454599345495312,KOSPI
002460,HS화성,612780034467.0,23733768464.0,11986548012.0,,5.211801058294276,10.233161328699644,20.450335829397623,176.00179414418454,,8.263353142215815,1.725870010363132,141.13151428197298,77.45063108413024,117.31543793425216,29.697875151801448,-32.51830492186868,12.13648332418132,3.8731301819655046,1.9560931064645368,1.4381354266449946,3.121175623223504,2.620504046758364,19.42476347962689,-27.594982050660104,-4.923322871208573,KOSPI
002600,조흥,428162970536.0,20834881066.0,0.0,,3.662270073655144,,4.909514329481833,33.630657366383645,-63.307869066987976,6.7504547256428005,0.5636993909019434,106.79187983160772,53.81413937679339,174.0366684457624,8.727437535427956,5.472989631957988,11.616564711734696,4.866109986091896,0.0,0.0,0.0,3.707319369178149,,2.950281853323845,2.5227077786341434,KOSPI
002620,제일파마홀딩스,779822241410.0,-11558923268.0,-51159360664.0,1.483267364586079,,-0.0887883592766705,9.73080864285117,-218.8295233232676,,27.965322846100023,3.866586297601256,108.35194137156547,,159.14327371345203,4.175517813859191,-3.012371262943056,26.483071808081377,-1.4822510380186464,-6.560387476445727,-5.745447916192056,-17.97134685097558,,,-5.185076985357924,2.172705722414868,KOSPI
002710,TCC스틸,582074815373.0,12272472364.0,20160837946.0,,,0.8894382244443244,1.3388028143781252,21.166161630858383,,5.329245703255846,0.5110746807925315,83.63640469336669,,453.5022431095041,3.014616827053475,-6.781317839117467,7.4376468984073085,2.1084011951514623,3.4636162592055646,3.512643262830163,29.03134299082389,,6.652519097660727,-3.0044495324709684,-3.7768683066464974,KOSPI
002720,국제약품,156462822664.0,6701642414.0,5205175386.0,,3.628966601821511,0.756922284616367,5.546625168354952,43.16556929820896,,48.44178293827946,-2.6865391730857624,199.5785531371189,121.22061587709857,150.9671323195933,1.3740101619518026,15.579310754207256,52.72500006289418,4.283217124614714,3.326780954973556,3.14421726252199,10.33969268910628,6.994662075455336,6.874137847799019,-2.950473846543682,18.529784600750936,KOSPI
002790,아모레퍼시픽홀딩스,4259886701995.0,249277525878.0,252032886627.0,,5.695010239957833,,13.249197388739905,75.47154464300776,6.070175656415096,65.96706679017912,-1.268281440429675,226.98083058810363,176.9208910897642,-2036.1784453698017,2.410147614575288,5.931940168818821,71.8188075362712,5.851740746092092,5.916422296136829,2.9510245816211635,-331.3383705621712,7.4769998300128,10.370938745291154,40.00027727767045,-34.06833710885163,KOSPI
002810,삼영무역,480191108812.0,18360036943.0,56753588344.0,,1.1143334679814587,0.6312272523079567,34.94728987281206,304.6721878628557,,7.371203038633908,0.7349788559008692,461.49522659937537,418.8882667868488,495.07756007367385,56.8926776641151,0.7090646755339045,11.194688439774094,3.823485401140185,11.818958598464938,7.788233250854814,250.2523683030793,12.126267083513026,,-6.437161831453399,7.146226506987304,KOSPI
002820,SUN&L,339342203215.0,-5864106894.0,-15725949701.0,2.426454010251193,1.0270325718601456,0.0531051172665835,11.24478280493267,-216.90312726076303,,12.162115634892444,1.6653035885008656,53.57897485824748,43.132101387916336,243.1574733879105,11.09489481189145,-23.062449713211212,10.434035001702052,-1.7280806331903924,-4.634245181415402,-3.127791369015578,-13.77029699060708,13.045298451037617,6.920375191353642,-30.001911318064188,6.939461604852973,KOSPI
002840,미원상사,435797799410.0,59945950557.0,50549440013.0,,3.969059454432097,1.5736069510471948,9.11810742408448,22.09574410102218,1.8483535887178413,9.22358383668278,1.117475071931981,464.9506620588143,232.6638890369929,19.535461895644268,11.862773844354756,3.424671782393947,22.97903433187967,13.755450495196891,11.59928757819241,10.559818884923978,12.622728279437348,3.925406906044029,6.909856005660723,12.404628049121454,-8.979956266727507,KOSPI
002870,신풍,22778451624.0,-4365691306.0,308958199.0,,,9.618523721391838,29.206906096243795,-50.7966971680338,,32.67148470776145,6.825709547043889,1678.446086319113,,20.60106955922274,10.727485337440594,-15.308271808566406,13.505602065412802,-19.16588264234865,1.3563617233511744,0.4102072884098589,1.767561145008253,,2.996317964577101,-88.93669225625054,73.62842044768414,KOSPI
002880,디와이에이,564915822828.0,37469149998.0,5182150999.0,,,,0.0851392619155649,0.4278765882738845,,5.182155692762974,-0.3149535057316228,39.48298864997251,,8044.037931370414,0.1971517653191262,-0.3555315310801798,11.814851836841104,6.63269614407813,0.917331536769118,1.5482447492372349,143.4433273859547,,9.943390357090124,-2.881697217240477,2.526165686160297,KOSPI
002900,TYM,788790147164.0,16080371733.0,0.0,,,,7.143431811057443,116.80220505385005,,19.30615150791658,1.820654098186264,137.84533308116903,,105.62878927598848,4.440096810466805,-5.700694150060169,21.34476365220046,2.038612144283881,0.0,0.0,0.0,,,-7.870184042517206,2.1694898924570367,KOSPI
002920,유성기업,324603324420.0,-473712416.0,-11147416455.0,3.600463155657712,,-3.3362662905913654,12.36458754657384,-2824.207322936905,,5.009439372210604,0.2607397615920339,320.0573064727773,,1844.6156433288409,29.619092983135552,4.216588138239976,4.863503585247724,-0.1459357869628808,-3.434165831455412,-2.547932217371562,-187.79340389150943,,8.194541713673805,4.782641171280116,-0.5660530330401405,KOSPI
002990,금호건설,,-181828149572.0,0.0,,0.8660699764307106,,,-38.1453774060446,29.01595494307591,,,90.13842941541624,76.74798317929104,2542.7606160313294,28.55141875524778,,,,,0.0,0.0,,,8.570912899397129,,KOSPI
003000,부광약품,160086870107.0,1617661424.0,0.0,,5.831384553248439,,56.27640286913239,1856.4068398447923,,30.792570911688102,-8.927723666999345,575.5644753543487,457.85496262392576,4998.672967973814,21.93116113514429,27.125471718545903,46.43926621234458,1.0104897565420423,0.0,0.0,0.0,3.842050294218231,6.795193039852209,-33.74420705395106,60.86967877249697,KOSPI
003030,세아제강지주,3675086864147.0,211611279793.0,0.0,,3.910972659752321,,22.883999347596387,132.47668946533793,,7.155359721926878,1.301426544247601,200.6102607688572,119.4003417452481,13991.330011094591,38.37794364546735,-6.088289237489608,12.913353685482232,5.757993963555354,0.0,0.0,0.0,3.52326167554192,,48.44138215565958,-54.52967139314919,KOSPI
003060,에이프로젠바이오로직스,67378141310.0,-52823131512.0,0.0,,8.370510207374606,,18.264334261434374,-7.765643949125059,,67.14965564846331,14.70851885291897,78.09737089140039,42.65148654197428,30.141212907596515,3.2639335082313,-22.876209385310197,-11.248368525231436,-78.39802417369474,0.0,0.0,0.0,1.2886520382461646,2.933095655618572,-3.811127191021312,-19.06508219428888,KOSPI
003070,코오롱글로벌,2911960747188.0,-56668787248.0,22516469837.0,,,,9.569065054880364,-163.90411241821323,,6.47509671334271,,119.53833858472518,,-30100.448818781017,17.733909737895644,,4.529026962824147,-1.9460697505185631,0.7732408432614875,0.8278278557383558,-319.0941520911405,,4.41154303473546,5.280379407431704,,KOSPI
003080,SB성보,59837932666.0,-2930119648.0,-3442408935.0,0.1962775134384201,,0.9469773851839016,1.1291624491297227,-7.686460476806668,,30.80155173788704,3.112465558066784,174.09985975000325,,230.82890170886452,0.4399112585256455,-4.431239564507248,25.904792245283616,-4.896759492603424,-5.752887477270721,-1.5882173324306117,-8.689551920534901,,25.537159338710133,176.18003331536983,-180.6112728798771,KOSPI
003090,대웅,,281913080239.0,57885500089.0,,,2.8052712736407366,,30.031602624784608,,,,133.17456173636887,78.72105839696208,-1601.9130342719002,,,,,,2.12760060406876,-76.11859937065938,,,32.057092762355474,,KOSPI
003160,디아이,213957402579.0,3081395875.0,1095356869.0,,6.319883894206562,-13.62670433301496,21.15065716984996,489.53351602921407,,19.49954613960849,-1.350791402337535,163.95423168203084,83.31349948018287,345.5518576417718,13.016091975733303,-0.2724559603508945,24.411146483102023,1.4401912894143725,0.5119509097590389,0.3427160851728691,2.4922681446460904,2.511969650921637,6.478813154640472,27.258803615541154,-27.531259575892047,KOSPI
003200,일신방직,523651392861.0,,0.0,,3.80861014332171,,18.47627522871538,,,15.14387926875046,0.4498070817569708,262.6954454419278,169.68625317858573,16370.35178897101,14.640588373026468,-2.921281160863205,16.874838320626033,,0.0,0.0,0.0,3.7903753873363377,,16.607606982486637,-19.52888814334984,KOSPI
003220,대원제약,598162352613.0,28220453539.0,-5164811233.0,8.92731513465557,,-5.815321656500123,7.708258014999308,54.461559738672015,,39.65198348573655,0.4059487974206419,128.28727256254984,,108.54607638007212,2.332773497024811,13.51362201074979,48.035472210986384,4.717858523814205,-0.8634463888337582,-0.885311979729533,-1.87617173745128,,7.680886334446559,22.59707524701337,-9.083453236263578,KOSPI
003230,삼양식품,1728015003746.0,344569150443.0,271255665463.0,,1.7677640526139442,1.3194366793154375,20.2246962059,33.80896446578564,,21.912318906847712,-0.6557637062804211,137.41447231710777,107.35500089882328,2035.7024494442128,11.07579510423044,44.85655487714267,41.852490126197154,19.94017121934944,15.697529528098457,17.008947427359132,720.1782167246447,11.674164984012046,12.627700436168602,29.188334327647866,15.668220549494809,KOSPI
003240,태광산업,2121863335311.0,,0.0,,0.9162846540403304,,32.45916525001135,,,9.696273376477595,0.7233074224947416,488.26390920225526,451.4011292594733,17.198431035056334,40.17110160539174,-6.339758201312838,8.416048086708,,0.0,0.0,0.0,14.299849057566789,6.116400755099831,-0.2937064988908511,-6.046051702421988,KOSPI
003280,흥아해운,188000981753.0,27541001667.0,39585171449.0,,0.8518803207044726,1.1938369525539554,39.13241438422756,89.04217805332738,,9.596515580808717,-1.3726305120325843,155.9375078882117,140.49393678411136,91.76273127431524,48.93327881943141,14.070276521887628,24.245908052165063,14.649392471356345,21.055832304646103,8.924436909460857,17.336967043694955,18.59501630840634,,35.22737400698509,-21.15709748509746,KOSPI
003300,한일홀딩스,,279313951093.0,118763549838.0,,1.336465101371358,,,53.9293832749439,,,,152.8170329958726,127.8516632850896,62.55064039796806,23.234364940232563,,,,,3.202020758939037,5.288168589211857,,,3.14393026005264,,KOSPI
003470,유안타증권,,,,,,,,,-100.0,,,,,-26780.091083280924,22.132386111101106,,,,,,,,,2.056524007563991,,KOSPI
003480,한진중공업홀딩스,,45875000000.0,56537000000.0,,,1.8485593505138227,,78.77275204359673,,,,62.22008706223774,,-4466.772933270823,14.266169536133347,,,,,3.056604242817761,-176.70573527113612,,,-4.591560842286848,,KOSPI
003490,대한항공,,2110200077994.0,0.0,,0.9954481071764943,,,105.69156230404334,,,,68.44129208605403,61.54410776528643,1952.1150221506043,48.72115741250524,,,,,0.0,0.0,,,75.19381484940828,,KOSPI
003530,한화투자증권,,3966004857.0,,,,,,,,,,,,-78177.45863280704,,,,,,,,,,5.435884671245928,,KOSPI
003540,대신증권,,83593035000.0,144817600000.0,,,,,,,,,,,-9512.312407273555,,,,,,0.5486323830452378,-59.68402525891898,,,17.6263841087044,,KOSPI
003550,LG,,966842000000.0,790478000000.0,,0.0404865104998379,,,47.57140601394368,,,,225.59320244457535,224.72947562975344,334.1980615094303,,,,,,2.498407596154311,75.33599550163447,,,8.343457138302094,,KOSPI
003570,SNT다이내믹스,614453293151.0,110508614595.0,0.0,,2.992236926481479,,49.515018041612535,91.77162645525428,,-1.7155635309467694,-6.639135111838141,323.2057329711204,244.47526417989133,1085.8359415855043,-346.3469616723781,26.442615461616008,16.26930461554762,17.98486814649439,0.0,0.0,0.0,4.789614609493023,,-31.57319426377715,58.015809725393154,KOSPI
003580,HLB글로벌,98261049794.0,-3666767452.0,-8039373450.0,1.8845478207011268,5.070972396753503,0.4095259761816389,15.418707358370929,-137.7287934884469,,57.50785624056143,-4.795225747959528,132.6264445954654,81.1583430310387,44.37654021835172,3.217377596662171,23.03290638756833,53.77619709414765,-3.73165914641378,-8.181648238904629,-5.914844873828479,-8.732626616311757,5.119462036366982,16.437441501343585,-29.75249093234751,52.785397319915845,KOSPI
003610,방림,110595886622.0,-3270147637.0,774205601.0,,,23.589235366433368,47.42903201751232,-534.6808391003949,,8.672789820640569,1.7955865759477376,326.6986596896096,,22.183100009581445,65.62460246132319,-16.16543500790945,5.7159460022290665,-2.956843818411502,0.7000310993899055,0.3342465094794785,0.4094125606446283,,8.83049314593376,-15.756799152111135,-0.4086358557983143,KOSPI
003620,KG모빌리티,3905069387798.0,1432909587.0,0.0,,1.8126166773815813,,2.391067042208213,2172.103249549501,,8.816305823598567,-1.753269450177056,115.18915764307069,62.34553141252174,-10610.442607642306,3.254515562481584,4.515089934829584,8.85299939917183,0.0366935755732625,0.0,0.0,-0.0,7.263281776134468,10.691862639378703,8.450339467285497,-3.935249532455913,KOSPI
003670,포스코퓨처엠,3699944235821.0,721245866.0,-212323486396.0,3.0341287787093183,2.661243796287628,-3.1595669502092267,17.411527293655315,29773.33300791495,4.718187244427972,,,134.56396952490627,85.63541981914344,155.2703459552211,,-22.267980417154742,6.376957863681024,0.0194934253067184,-5.738559093415266,-2.676641178634908,-7.148280623077624,4.816303378145077,7.88454764855138,23.87312028768829,-46.14110070484304,KOSPI
003690,코리안리,,405432507241.0,316671748113.0,,,,,32.83868202117106,,,,,,-7198.325589983328,,,,,,2.406248594744072,-234.8185476385457,,,10.14468003577016,,KOSPI
003720,삼영,126040086242.0,9101817091.0,8062253017.0,,1.8058452641108056,,8.731817561493097,40.305469684298814,,10.149357382569985,0.0816142714435468,85.66121445297013,60.30534518237424,232.07931821701956,10.323984739946628,2.8170904420305987,17.370724300333187,7.221366917763204,6.396578467520468,5.925953752533668,30.24393985693688,8.042049938358563,5.477519727797042,-4.723711173352192,7.54080161538279,KOSPI
003780,진양산업,88220353454.0,8195906921.0,10046023809.0,,,0.9259555134307368,12.026201474620086,43.14982079984182,,10.793480688064802,-0.1948028202077782,131.9156581767706,,591.2617993190596,13.370517061750135,1.552662717702415,20.08374829651813,9.29026760845333,11.387421854116935,10.468342727419891,187.98373724695017,,5.189167286801681,-4.307332401792631,5.859995119495046,KOSPI
003850,보령,1017106670442.0,70472227261.0,69633253502.0,,4.208895515179409,,18.86224907271809,90.7445864233721,,23.735501500652735,-3.936632758794037,263.8821231763856,168.07794205334932,-1459.8554148989344,9.536221042828712,18.31972980823828,35.72455932563076,6.928695810280662,6.846209500498089,5.981791540471856,-267.8052046683836,4.43575998227675,,3.6380594652171743,14.681670343021104,KOSPI
003920,남양유업,952794199365.0,-9807235105.0,249980282.0,,,139.10287807819978,8.956863456649513,-290.0595820205264,,21.59219218002276,,407.3821052304309,,-387.3366952433499,4.977834607235367,,20.56287912254024,-1.0293130574825222,0.0262365453281099,0.0345184270016711,-1.0478154822396355,,9.58349222003705,-17.821210002201347,,KOSPI
003960,사조대림,2642956274496.0,133016935612.0,95780719849.0,,,1.597717878663424,6.463201411403392,42.80647584461661,,8.900673721583207,0.7212158070130279,106.27001020961406,,1413.906352594662,8.713769245216756,28.10764104981851,13.933558181140365,5.032884459557158,3.623999412069917,4.510404003004544,105.39160511440689,,9.337017265702132,132.74525176352668,-104.63761071370816,KOSPI
004000,롯데정밀화학,1670545189888.0,50372565787.0,0.0,,2.448624265122512,,27.107106612863312,299.6581297538131,,5.763348162491489,,588.3709044468715,417.1584787911411,-2281.228186845595,56.44033124206386,,10.718174512657413,3.0153369146737763,0.0,0.0,-0.0,5.489035451449953,6.401371125325386,15.16031642753932,,KOSPI
004020,현대제철,23226141091217.0,159492008580.0,,,3.457618229293544,,9.283756206356603,450.65127593763566,,5.314990908923805,0.1666938913547913,148.84852312681008,67.14219278416364,-13702.27357263957,20.96053904612169,-10.374857099287532,6.001682718611952,0.6866918096881455,,,,3.692190731032393,,-1.9883092417836,-8.386547857503931,KOSPI
004060,SG세계물산,138801745057.0,-2756643488.0,0.0,,6.295820065199104,,14.038361683419854,-235.61855905346096,,46.3326151300118,0.8507872481294356,239.62131013633257,119.9583120281814,110.6762519163552,3.635891039785462,-2.990134131930766,44.34658571311365,-1.9860294168981545,0.0,0.0,0.0,3.4248150682702416,,-32.78588580972564,29.795751677794875,KOSPI
004080,신흥,101755599986.0,6277866223.0,5228581708.0,,,1.8330209516159677,1.3525105086986382,7.307446692412048,-29.151777473089677,23.14735811222245,1.6086386066430831,211.8362043109029,,21.844264545761632,0.7011653781696019,-9.504550176328207,30.39349591300635,6.169553541882449,5.138372442125418,3.697000848113268,4.520300962148034,,9.166388613017396,-4.438721268672002,-5.065828907656207,KOSPI
004090,한국석유공업,721176274228.0,13916814381.0,13052927905.0,,0.5987086029573495,,2.4703818859087328,42.672141186570975,,6.627075998744,-0.146372993850913,123.16986137441046,102.02363753908224,-29385.970318472915,4.473252251298038,6.175025616469557,8.556814244209379,1.9297382454653795,1.809949712914892,3.3956227574099405,-2053.089676061209,21.91868016476498,,5.7867205484514646,0.3883050680180924,KOSPI
004100,태양금속공업,620020921700.0,16053014687.0,2452393399.0,,,2.689376375213445,1.6874643210930862,21.725165108650515,,10.231024063683623,1.2612551232625844,85.77482395851075,,842.8014765236757,1.9792321596618636,0.4616733632692694,12.820132612308912,2.5891085486252874,0.3955339752529516,0.464344588781639,4.946639378670221,,5.690077497596552,7.001705037290132,-6.540031674020863,KOSPI
004140,동방,871649680262.0,39038582380.0,0.0,,0.1792537207482538,,6.882738536308214,51.22570611557813,,5.193030802282204,-0.0471431391616921,84.2665308316037,79.92363894651517,659.2234129558523,15.904558547852464,13.526408586564912,9.671731737303002,4.478700935020799,0.0,0.0,0.0,74.11214495758959,,3.500454331812506,10.025954254752406,KOSPI
004150,한솔홀딩스,791639938000.0,7479492000.0,1583567000.0,,0.3026742637132133,22.016827832355688,5.947131484920106,209.8175829766692,,6.977674110221559,-4.012653729322228,160.15873108861686,151.77029290756258,618.4486801350115,10.22770291242152,78.64522911713912,7.922483946230615,0.9448098360090568,0.2000362695192874,0.1696996141393368,3.7696278071975633,43.05783175701901,4.1519420526382,106.3919342558232,-27.746705138684064,KOSPI
004170,신세계,6570412728809.0,477024306786.0,107782477017.0,,4.666555611577172,7.19817949254062,8.86506629950449,40.701730587864645,,54.421111833170265,3.844398346628005,47.35170459789316,27.561765603287743,12007.40399308202,1.9547707132512795,3.3556900339934512,61.68129968551648,7.260187852346207,1.640421712694104,0.715128001155632,148.80723048469372,6.710795891826333,,3.3889840297118883,-0.033293995718437,KOSPI
004250,엔피씨,458265475806.0,10494660290.0,0.0,,0.8251815076697047,,14.222447037138696,207.015005043738,-99.69447619093272,15.03452637945761,3.785008062287792,130.18999666336595,108.99386866076846,733.5353459243712,11.35182846057978,-9.918155917852433,17.324609495917983,2.2900831164603725,0.0,0.0,0.0,17.58958140441771,7.335332059583918,-19.328249912220823,9.41009399436839,KOSPI
004270,남성,74577816567.0,-1809506052.0,4432813104.0,,,-0.7237057592401487,10.810354454071556,-148.5143105966983,-13.962233218011052,31.16461704683953,-3.320544589950046,70.38139182857203,,258.7907854435312,4.162549254299734,7.037197886762295,28.73828421048684,-2.4263328363526937,5.943876219569398,1.605757906771344,6.801268070098098,,7.658595965302491,12.448216688945394,-5.411018802183099,KOSPI
004360,세방,,24495686269.0,19676832.0,,,2652.29651129816,,110.63920484630316,,,,132.90539504766053,,3005.9386245898545,9.333522189786455,,,,,0.0013292627406971,0.1711182131964863,,,20.43407186129076,,KOSPI
004370,농심,3438730857998.0,163073931930.0,0.0,,1.5681273530945627,,25.94251406762811,182.34944645984945,5.884037076292152,23.33617516833493,-0.7998927259052344,257.122442773818,209.4666509673903,747.5590484810609,13.340239630783923,0.8260079273049241,28.078446042797616,4.742270874462687,0.0,0.0,0.0,10.639981023261672,11.154863653932331,16.491823309435865,-15.66581538213094,KOSPI
004380,삼익THK,304426059356.0,564892513.0,0.0,,4.571954308175807,,10.635822102908897,1910.5825953830615,401.5091984585009,12.52883169847078,0.7724658101901145,92.0514208222369,49.64936888675014,-28039.122289637708,10.186892785101804,-3.5529079043243086,12.714391539896644,0.1855598414258639,0.0,0.0,-0.0,3.007022799201169,3.573247623625994,-2.265426180504321,-1.2874817238199872,KOSPI
004430,송원산업,1070200000000.0,62814000000.0,0.0,,4.748525678053761,,10.603718931040929,60.220651447129626,,10.660997944309475,1.7792289693343548,198.46685413879607,91.23613297780366,56.08747404478185,11.935526846284642,3.905434597927134,16.530368155484958,5.8693702111754815,0.0,0.0,0.0,3.027568355092861,,10.39458339407318,-6.489148796146046,KOSPI
004450,삼화왕관,167142498336.0,10627822764.0,0.0,,1.4617259468589567,,8.533923374368868,44.73733096840969,,10.545923794058467,-0.2408412421806254,145.23828201460302,99.84908213746874,-1148.950019777728,9.710584154810808,5.850996582471541,16.904463883985386,6.358540089926922,0.0,0.0,-0.0,9.8795598331364,7.72561658727373,-3.065122680737319,8.91611926320886,KOSPI
004490,세방전지,2059542800914.0,179667570936.0,0.0,,,,11.92838064331436,45.578639766978505,,7.976603577944282,0.0032913241198029,213.05893897926973,,40.72187079462945,17.945052216906372,22.241455487051557,16.700266463525768,8.723662885581486,0.0,0.0,0.0,,,17.545861684287757,4.695593802763796,KOSPI
004540,깨끗한나라,,-902193220.0,,,1.6559560540441776,,,-723.3076078019444,,,,46.87098864387856,28.41139133228534,449.07101152392,,,,,,,,,,0.2378425907343934,,KOSPI
004560,현대비앤지스틸,,30627008612.0,24969800651.0,,3.034650911840858,2.981735866001728,,48.04562992994313,,,,241.1985693869316,135.46753605941598,23924.188618275115,,,,,,3.313305490768739,2515.15037409907,,,-20.48147737860294,,KOSPI
004690,삼천리,5120527432173.0,114302576748.0,101372349407.0,,0.1311115982536659,2.0769824019039764,7.511381891001366,112.16497510578648,,7.669952625238293,,127.52961219598188,123.91087931702556,14533.882696890152,11.751908661784723,,9.902194874929618,2.232242249691325,1.979724759798437,2.2436454619518043,534.2706820609828,101.5841435214287,,-0.0029880227665002,,KOSPI
004710,한솔테크닉스,1199483140800.0,33354584118.0,23176851498.0,,,4.171374559410831,9.48503693058326,113.6989331346538,,10.449407433305376,0.7826562015678213,123.38058672231342,,228.9905311916788,10.89252609714685,-7.921825236711029,13.23015382176683,2.7807463884614525,1.932236536692138,2.6336877122451465,14.435963598491403,,10.856684043469006,-23.305507402314355,15.383682165603323,KOSPI
004720,팜젠사이언스,171286609685.0,10643268036.0,0.0,,6.041418906313312,,22.44716397487729,120.41723154000378,104.98499921928726,56.858120078448096,3.648337081672452,169.22206318022248,120.54608325312172,160.16318027341288,4.737510971640969,2.702851525292499,63.07183874307296,6.2137186646248725,0.0,0.0,0.0,5.378790288682204,4.358515081575293,5.864608027098525,-3.1617565018060256,KOSPI
004800,효성,,221133379310.0,453157569978.0,,3.013237808805945,,,16.411706959802924,,,,75.57991652949868,43.01512561293198,73.32683920180895,4.598013096243843,,,,,10.439339382967535,18.094176986047252,,,-20.59133023679336,,KOSPI
004830,덕성,125453477601.0,8910501328.0,6799978765.0,,1.1734551891993843,1.1788446409949929,19.6838688414351,92.37825901146648,,10.747494062207268,0.0679576852370082,239.0317817158004,204.6902868680048,513.5968745431115,21.977814058797467,16.233057038007033,19.21408294369024,7.102633979059162,5.420319065707427,4.9909079748423,79.66235666588565,12.65840763167832,,6.795687921338402,9.43736911666863,KOSPI
004840,DRB동일,,21870057763.0,3740024669.0,,2.78256414423247,7.527067101011146,,228.31974730985075,,,,117.189607985964,82.75261910823559,1295.031474848428,14.480889237716603,,,,,0.3806973399430046,10.488715038371067,,,-0.8086319318188347,,KOSPI
004890,동일산업,415796640204.0,-4158725047.0,0.0,,2.8277772679280133,,24.359578744625367,-811.8378336574203,,5.428433764141527,1.085893676316763,770.0086167646041,562.82072981178,407.5821269490226,53.84885542243182,-5.749512296949119,4.428251308371892,-1.0001824557696348,0.0,0.0,0.0,4.440240713870616,5.799919605010408,-10.321421466735414,4.571909169786295,KOSPI
004910,조광페인트,248020130146.0,2404881602.0,15982987690.0,,2.677707443224638,,3.281178363711639,112.79810810966208,,18.27343476447689,1.4960467302714164,65.99239603462222,37.372786877820914,106.3641394818642,2.1547202741042435,-1.89791659696758,19.24306638292026,0.9696316184433652,6.444230023019271,4.078430837530979,8.42562753554477,5.5493012300310856,5.53251867043716,-2.7681169954735503,0.8702003985059705,KOSPI
004920,씨아이테크,47436608009.0,-2049221072.0,-94027217.0,56.34860239455986,8.032824834036308,-15.885390843802172,11.16922665295708,-86.18400323574264,23.403601158280534,47.37080561438252,4.696236846742202,110.92420507100036,46.762157579788486,67.59705901655606,2.8293949848889866,-16.852111504609816,43.05089076800226,-4.319914846380264,-0.1982165693258685,-0.1024220984414952,-0.1716567552569656,2.623167445053795,8.938655868902245,3.836061475330762,-20.68817297994058,KOSPI
