stock_code,corp_name,revenue,operating_profit,net_income,cash_survival_years,inventory_months,cash_flow_match,cash_to_revenue,cash_to_op_profit_x3,happy_debt_growth,sga_ratio,sga_ratio_change,current_ratio,quick_ratio,debt_ratio,cash_months,revenue_growth,gross_margin,operating_margin,net_margin,roa,roe,inventory_turnover,receivable_turnover,debt_growth,revenue_minus_debt_growth,current_price,low_52w,high_52w,pct_from_low,range_position,bottom_dwell_ratio,market
000020,동화약품,464874735245.0,13411192945.0,0.0,,4.27721410184158,,5.519003313759016,63.76875432389061,,38.12798331008168,-3.436131172940428,177.45283419078277,110.79520046508733,1227.4844012339993,1.7369929908565707,28.735450818444225,46.08935373463156,2.884904669627181,0.0,0.0,0.0,5.204101015837537,,38.022585527873474,-9.28713470942925,4910.0,4695.0,7560.0,4.58,7.5,25.83,KOSPI
000040,KR모터스,16024969823.0,-4937030424.0,0.0,,,,46.519873237454895,-50.33252115658152,,29.197477129002642,0.3425200085099789,39.52451105521066,,-698.0220868189812,19.119408035941074,-79.56162114026529,-1.6108830646875658,-30.80836019369021,0.0,0.0,-0.0,,,-54.69430896842267,-24.86731217184262,,,,,,,KOSPI
000050,경방,397276756397.0,,0.0,,2.41386524336251,,5.442170247784288,,73.82563272540288,23.032970481806668,-1.3173159832919588,58.953902839642105,36.814438305721545,3317.2827656995537,2.8353287312635396,0.9549215647925611,31.452658271588625,,0.0,0.0,0.0,7.2523308296724185,7.508214920091324,-3.0063844648453886,3.9613060296379494,8320.0,6200.0,15210.0,34.19,23.53,27.5,KOSPI
000070,삼양홀딩스,3553264096673.0,127538574846.0,,,2.1552335301689065,,8.466421276163453,78.6257041166436,,14.395879824636479,0.8827259667326732,188.7178963791339,135.7870266937794,-19553.598135866723,7.057370341484283,10.664161592987693,17.98521547141312,3.589335646776641,,,,6.788827330518528,,-2.0385606721856115,12.702722265173303,54800.0,51500.0,75500.0,6.41,13.75,30.83,KOSPI
000080,하이트진로,2599183408023.0,208141871425.0,0.0,,-0.18087702433090533,,9.971482926060082,41.50648593250327,,37.592403644389286,-1.693736523727921,61.88809849529068,63.17722639488693,199.3955181264265,3.183031238029922,3.1347684591586122,45.60037533205551,8.007971687666227,0.0,0.0,0.0,-121.95565360837162,,2.210566452314242,0.9242020068443701,14710.0,13830.0,22200.0,6.36,10.51,24.17,KOSPI
000100,유한양행,2067791451854.0,54880319609.0,-15523994164.0,20.59517840849402,-0.5105086568587087,,15.46187982996722,194.19191414935332,-28.455662597068937,19.815725370642017,-1.1195835265655596,219.70297078064993,229.1743303642415,1126.3773611131403,9.36339974889323,11.23235698549169,33.33926103272601,2.6540548641785815,-0.7507524102627008,-0.5276592954779437,-22.095455430753404,-35.26208689961209,-42.903527040244825,11.095991102220392,0.1363658832712975,70200.0,65000.0,136400.0,8.0,7.28,30.83,KOSPI
000120,CJ대한통운,12116761147160.0,530663067133.0,0.0,,0.04028158361402014,,2.2875611713941124,17.410816793821382,-19.582061776439012,7.064581293687003,,92.87513234434125,91.67321762689933,202.3911264335045,3.885684503518937,2.964570329012373,11.444159802234067,4.3795785085470635,0.0,0.0,0.0,336.40117360414547,7.571744606220839,3.834132803867058,-0.8695624748546851,72100.0,69500.0,154000.0,3.74,3.08,37.5,KOSPI
000140,하이트진로홀딩스,,,0.0,,-0.18092818411719241,,,,,,,49.04300173602151,50.042262124432526,732.9690587422547,3.2319742233026547,,,,,0.0,0.0,,,1.6842142090811405,,8250.0,7310.0,12850.0,12.86,16.97,35.83,KOSPI
000150,두산,,1003759000000.0,0.0,,2.4808759392757054,,,130.04652179125335,,,,108.05945378690565,79.60928357437516,946.6039143857124,23.995680109559775,,,,,0.0,0.0,,,6.870644481243337,,1215000.0,468000.0,2489000.0,159.62,36.96,14.17,KOSPI
000180,성창기업지주,143105590875.0,-7293464621.0,-3526171396.0,2.9752442217927855,,-0.027802765660004804,7.331104960227501,-47.94804488753183,,19.972350932791606,2.0847856510846157,87.5143804573823,,-4318.292745937732,4.404752340811873,-13.923416202677918,14.875789312518709,-5.096561620272895,-2.464034685465254,-0.4898186033446659,107.59736343920714,,7.119892540067039,-27.711426206923544,13.788010004245626,5190.0,4395.0,9245.0,18.09,16.39,30.0,KOSPI
000210,DL,5615368498981.0,412518392958.0,89366024952.0,,2.8728003619228004,6.2339629289680305,17.82792462689967,80.89365877260218,,,,108.97301569598574,69.3229117104534,,,11.908621181538203,22.086678353042426,7.346239040819105,1.5914543269638834,,,5.361225559027907,,,,46000.0,33900.0,77700.0,35.69,27.63,23.33,KOSPI
000220,유유제약,133147218082.0,11697341742.0,8720350799.0,,,2.861135859679078,31.418207804564922,119.20790947114088,,30.04742053067989,-5.323337255543326,158.1073268038054,,738.6954258536845,12.547449564591565,-2.9607045909025382,38.83268988177973,8.785269351099831,6.549405180684651,4.198786657629653,88.69903852089043,,6.748289852022522,-6.722279427053753,3.7615748361512145,3600.0,3535.0,5100.0,1.84,4.15,30.83,KOSPI
000230,일동홀딩스,,-2411599959.0,63038086166.0,,2.690976953769405,0.27465984010692307,,-1095.9516013299674,,,,72.42208675521313,46.630534811639954,1424.4969223903777,5.306938379888232,,,,,7.375451005084196,149.4873727450038,,,-15.046572503718824,,6080.0,5660.0,17170.0,7.42,3.65,39.17,KOSPI
000240,한국앤컴퍼니,1390995724547.0,418268299588.0,0.0,,2.974447142119019,,12.904439473921252,14.305028736802841,,8.125788308861253,-1.2518962754397247,154.719316799626,110.75402773836917,15.350824045803382,19.057015492045984,27.65316148159028,38.19549249319408,30.069704184332828,0.0,0.0,0.0,6.527619638626688,4.712116391050888,9.490282529403762,18.162878952186517,24700.0,18540.0,36450.0,33.23,34.39,5.0,KOSPI
000270,기아,107448752000000.0,12667139000000.0,0.0,,1.8025235521897904,,17.544778928656147,49.60774489014449,29.329390919915454,11.264562663324371,0.22243415352529716,154.93522053442115,108.90003905494738,2365.3967897991224,18.690237112298192,7.654997444103413,23.05356789997896,11.789005236654587,0.0,0.0,0.0,8.651906372482866,30.171258488836223,8.353414045974311,-0.6984166018708979,146800.0,94400.0,212500.0,55.51,44.37,0.0,KOSPI
000300,DH오토넥스,32380378302.0,-8564101590.0,113530380434.0,,,-0.02162801952757878,12.861424530493428,-16.209436853881755,,29.937141266818546,-36.563633257862776,91.85684445607211,,152.50999184792335,5.155371816913724,-1.2500564868313861,3.488711572372907,-26.448429694445636,350.61474382770785,171.85523551559234,433.9516411906517,,2.8796866711758233,-80.27272154224201,79.02266505541063,,,,,,,KOSPI
000320,노루홀딩스,1247877697168.0,72554697963.0,0.0,,2.0124373734626624,,10.691620715618741,61.29552559276866,,18.85322724173398,0.43584664005384965,172.30267677589876,128.373083557161,3283.305323955159,6.805171705744788,2.7384089145784642,24.667474753942862,5.814247512208888,0.0,0.0,0.0,7.915463418363326,5.3443614258246415,-10.591785046982743,13.330193961561207,15860.0,15150.0,37150.0,4.69,3.23,45.83,KOSPI
000370,한화손해보험,,435735704686.0,0.0,,,,,22.73404183415531,,,,,,24469.905114711702,,,,,,0.0,0.0,,,14.296997832019201,,5570.0,5090.0,10800.0,9.43,8.41,45.83,KOSPI
000390,SP삼화,628348259134.0,18981518300.0,0.0,,2.4362719607351346,,9.634130405395181,106.30672377948467,,16.697912189269676,-0.1861394172667694,119.41154874239382,79.91158340535645,1643.8775791657847,6.9235940130907245,-0.4804725565302524,19.71877172441992,3.0208595351502434,0.0,0.0,0.0,6.135380062463523,,2.8925298618987147,-3.373002418428967,5820.0,5570.0,14300.0,4.49,2.86,46.67,KOSPI
000430,대원강업,1367585047000.0,22564927000.0,23615769000.0,,,2.334966225321733,1.471503877886433,29.727649166927655,,,,98.18168202910209,,381.8048118800376,,23.566891131822583,10.85136623316707,1.64998345437452,1.7268226975576166,1.813320628375462,14.511688964565565,,,52.24659214006338,-28.679701008240794,3510.0,3455.0,6200.0,1.59,2.0,47.5,KOSPI
000480,시알홀딩스,810831515000.0,17438364000.0,2470935000.0,,,32.81083355086233,22.95387248237385,355.7620275235299,,12.688548865789953,-0.07784228633891921,74.12831653070381,,3563.998900416694,21.70827197829747,-0.7434076980729616,14.83922550790345,2.1506766421134973,0.30474086839113546,0.14554641171561133,10.539173295054072,,8.260682698920139,5.0898777888089555,-5.833285486881917,4610.0,4510.0,5670.0,2.22,8.62,32.5,KOSPI
000490,대동,,18456574878.0,30721182361.0,,7.895091398630126,8.315847289273542,,112.81727864986009,,,,102.97240901468263,36.825099831371524,903.534515221281,2.58455158995995,,,,,1.4405321609058181,18.125526729250392,,,11.026879508232032,,6560.0,6300.0,13640.0,4.13,3.54,26.67,KOSPI
000500,가온전선,,45011778000.0,,,,,,55.485098440975456,653.5820667235269,,,,,659.3545688894527,12.553975320734898,,,,,,,,,25.14587512821053,,209500.0,29229.0,352860.0,616.75,55.7,50.0,KOSPI
000520,삼일제약,219699586442.0,113040731.0,0.0,,,,2.3381905743168754,1514.7917559025693,,36.7780136096575,2.349080512689845,85.64181195521331,,254.14883267959257,0.7629092530553284,11.894207904004286,36.82946601920941,0.05145240955191439,0.0,0.0,0.0,,,-9.843593202584412,21.737801106588698,6270.0,5500.0,12860.0,14.0,10.46,29.17,KOSPI
000590,CS홀딩스,,22314081505.0,31019979580.0,,,0.9519549069606448,,132.49078880396127,,,,1125.1337323860562,,80.76483623259185,,,,,,7.518413030822546,71.39672342015979,,,-4.393787459142166,,68600.0,65100.0,100300.0,5.38,9.94,28.33,KOSPI
000640,동아쏘시오홀딩스,,82094664924.0,0.0,,2.3809419793564213,,,47.664915594972385,,,,63.868024630631204,37.76704266094747,311.8048750132321,4.321534085145806,,,,,0.0,0.0,,,3.9523967285094996,,77000.0,74500.0,121887.0,3.36,5.28,27.5,KOSPI
000660,SK하이닉스,66192960000000.0,23467319000000.0,0.0,,4.649152007631993,,20.52654391040981,19.299359817511892,,12.630991271579333,-9.333626687819024,169.34962983233945,116.02016771662463,1023.8075711318812,19.501123991681684,102.0189454716376,48.083883845049385,35.452892573470045,0.0,0.0,0.0,4.97170446277461,5.084332859205995,-1.8940336087669156,103.91297908040451,1830000.0,245000.0,2987000.0,646.94,57.8,25.0,KOSPI
000670,영풍,2787414358375.0,-160701935806.0,-252140554081.0,0.8358861666350318,2.566903925579041,,7.561157908609928,-43.71671072223035,,4.239108052126326,0.41311554113232196,167.69222956614246,102.45512332889442,94948.81969207025,21.404006170073263,-25.900784801440423,-1.5285117677602233,-5.7652689964503745,-9.045678957756115,-4.4221936075073005,-13948.006482262856,4.604512026917383,,33.536302664071286,-59.43708746551171,34100.0,32700.0,71797.0,4.28,3.58,18.33,KOSPI
000680,LS네트웍스,1933813959649.0,25619240717.0,0.0,,,,7.8163971892847215,196.66804552316975,,,,86.34637517661923,,-17571.553137076688,,409.3920456914184,14.669717342121716,1.3248037945516777,0.0,0.0,-0.0,,,1063.5183586771407,-654.1263129857223,2855.0,2560.0,4965.0,11.52,12.27,40.0,KOSPI
000700,유수홀딩스,435867054050.0,18315439948.0,0.0,,,,43.34943074530366,343.87359749195724,,15.664468692365945,-0.5329997079142164,490.44689361598614,,19.65555971392869,33.2084783186524,27.531117059924682,19.86653897453482,4.202070282168875,0.0,0.0,0.0,,,-1.5598865676236293,29.09100362754831,5850.0,5000.0,7200.0,17.0,38.64,12.5,KOSPI
000720,현대건설,32670268000000.0,-1263420000000.0,-168663000000.0,31.995007796612178,0.2833361221588909,0.7043631383290941,16.517691253711174,-142.3747711238807,,3.203178498566342,0.10929648837706152,143.89652732669452,138.601090101287,3084.407136706212,61.87987810646477,10.181358647430537,-0.6640074088158688,-3.8671859073822104,-0.516258391268783,-0.6245532141089638,-30.00843338338801,42.073155435016375,6.1419387198590165,30.74891130388612,-20.567552656455582,98600.0,54100.0,198400.0,82.26,30.84,0.0,KOSPI
000760,이화산업,49487533689.0,772077303.0,-629149624.0,31.12796796966694,,-1.4250178380461052,39.573904545485824,845.5176387089484,,21.579086030253514,-0.6783511497599655,124.80206621704922,,30.273381188933072,22.006810384834957,4.873482638461326,23.139231071734166,1.5601450414806506,-1.2713295189730707,-0.2332251791782518,-0.30383032669945614,,4.377942867635793,6.840322481511506,-1.9668398430501801,11450.0,10380.0,25250.0,10.31,7.2,30.83,KOSPI
000810,삼성화재해상보험,,2649596688033.0,,,,,,,,,,,,7630.401728143233,,,,,,,,,,4.054680246429941,,630000.0,412000.0,757000.0,52.91,63.19,42.5,KOSPI
000850,화천기공,222200718833.0,-741138094.0,8654343281.0,,3.1333720519167882,1.4906971221401912,6.942929085479103,-693.8535234253749,,14.861025746643922,1.4081316033865896,291.069987190163,210.43843955248812,34.47036428200017,5.606285221904307,-1.5593230146528585,15.492680663590821,-0.33354441780947575,3.8948313607861764,2.0182241742540645,3.2588470055222607,4.531844034386145,5.43335172358327,-22.644895999483765,21.085572984830907,32250.0,29800.0,44850.0,8.22,16.28,15.83,KOSPI
000860,강남제비스코,643137092555.0,20529999372.0,0.0,,1.8724178194010155,,8.80129714166024,91.90519284866672,-0.9551083991105,10.181514936863973,0.2306253589143079,162.17212760880602,118.11208439333247,1915.5413339928134,10.373266292378856,0.6806489036347053,13.373680279161396,3.192165342297421,0.0,0.0,0.0,7.398243419092408,5.2111402883885525,-9.818867032056303,10.499515935691008,12250.0,11110.0,18880.0,10.26,14.67,23.33,KOSPI
000880,한화,55646829000000.0,2416109000000.0,0.0,,3.2880199511909067,,15.893685514407299,122.01894312991122,,8.099315057107747,0.5942204216942377,141.5124551182961,118.80283431198546,11848.736219706218,23.548192017238918,4.727627440789149,12.441177915097372,4.341862857989626,0.0,0.0,0.0,4.168184089483016,,20.355682054222342,-15.628054613433193,90900.0,74100.0,166400.0,22.67,18.2,8.33,KOSPI
000890,보해양조,,2300656654.0,6685688838.0,,4.382569711719663,0.4920399155136391,,264.0454454067066,,,,132.45297823548452,81.18005689563354,59.49715118874907,8.849696137620812,,,,,4.815678399325822,7.680869857336638,,,-18.168898929011178,,1442.0,1230.0,4390.0,17.24,6.71,30.0,KOSPI
000910,유니온,218159407914.0,,,,3.5745385560309817,,3.5340616495619077,,,16.786408455708823,3.257309973042135,77.77542200927475,41.18400488902598,3137.3365166216886,2.526373637734299,-2.8890962460925196,11.534915533379165,,,,,3.7948041222682063,,-1.395571408253515,-1.4935248378390047,2740.0,2610.0,6150.0,4.98,3.67,30.0,KOSPI
000950,전방,57235842614.0,-8482983755.0,8913315702.0,,,1.1305615997354248,37.12132048843641,-83.48752901350647,,8.334241617040869,1.3689979118364013,579.0574456012927,,47.74313825787534,53.44887589416914,-39.60706262291965,-6.486862375800579,-14.821103992841447,15.572961443254416,3.842377008307836,12.78065856073204,,0.8339244284448412,-29.396480459560248,-10.210582163359401,25400.0,22750.0,46500.0,11.65,11.16,37.5,KOSPI
000970,한국주철관공업,419416899335.0,15445910306.0,13647861616.0,,2.957062871966203,1.78289120806103,12.018204217074004,108.78042252910474,32.272566652487754,14.53443453224083,2.0110249001590326,416.7631661837614,274.9383026658882,20.904461529765424,9.922536049474594,-8.088257652317896,18.264159526346376,3.682710527518091,3.25400851459232,3.176093008782073,3.870023150877522,4.96487312599004,9.87254471904524,-1.1288177223381308,-6.959439929979766,6530.0,6130.0,7880.0,6.53,22.86,11.67,KOSPI
000990,DB하이텍,1131167709804.0,190838683363.0,0.0,,1.1348591944034538,,38.47005490162032,76.00849599296866,,17.327054314869102,2.028309763841998,376.9314718600541,354.716269519121,22.4653811468501,26.64276630236507,-1.9975270266664946,34.19799941955805,16.870945104688946,0.0,0.0,0.0,16.069418738625604,11.263549655438458,30.618943004069614,-32.61647003073611,105900.0,42450.0,230500.0,149.47,33.74,17.5,KOSPI
001020,페이퍼코리아,290184364896.0,2037606335.0,0.0,,4.806045987475906,,25.19821752154226,1196.195853667354,-25.399014197444604,10.97790262284359,2.226813763429032,171.06632123705396,97.0980612070329,71.91620466773738,27.54429699797997,-19.854446493958296,11.680079094594667,0.7021764717510757,0.0,0.0,0.0,2.827057569756222,,4.971215280781778,-24.825661774740073,1830.0,1725.0,5200.0,6.09,3.02,30.83,KOSPI
001040,CJ,43646656090000.0,2547483645000.0,100471747000.0,,1.1923101788521382,,7.231708677731147,41.30087380142271,,23.086165229296036,0.45562328963436727,81.02656702716678,62.79287684107121,2996.5836428695725,3.7589830650025178,5.547324812790292,28.922771909420746,5.836606680124714,0.23019345810324138,0.21153285751408812,10.119860435661371,14.159943219526637,,1.4999959203463833,4.047328892443908,131900.0,125400.0,235000.0,5.18,5.93,10.0,KOSPI
001060,JW중외제약,719375756340.0,82488136816.0,65040120873.0,,3.386910001953933,1.2206599760480736,4.350207757378092,12.645996206220497,,33.502663967604015,2.0757791949752757,146.87975987857288,93.32013857566612,167.62515101270677,1.5581594687221059,-3.8944437349491117,44.96929126064465,11.466627293040643,9.041188877966574,10.757572010808632,39.62883841289589,6.438318887792366,5.308910991509116,-27.525558814266393,23.631115079317283,23400.0,20700.0,39250.0,13.04,14.56,12.5,KOSPI
001070,대한방직,133909117274.0,2418669755.0,1115640400.0,,3.281229629487833,4.685814715028248,15.695437963342332,289.6581531445991,,9.081454368127014,-3.5246141286105104,166.7147553972453,90.8587174712175,145.859661461736,20.73954764570962,-10.371118466469905,10.887656816651118,1.8062024485241028,0.8331325175695221,0.6017526083245269,3.0668115644758145,4.103994385910017,8.469639537002077,6.585440803858379,-16.956559270328285,6140.0,4805.0,9460.0,27.78,28.68,25.0,KOSPI
001120,LX인터내셔널,16637572685167.0,489185373375.0,175694960423.0,,0.6960600390897708,,7.503838374981492,85.07044784826778,14.377412087377916,6.117850271905714,-0.375883211156693,134.73170345083264,108.89651274240752,210.92837489430235,14.718578666968343,14.628438994446244,9.058095117904953,2.9402448459992394,1.0560131802137125,1.9672780665738177,6.604415401573831,18.957038745609513,10.52212778082522,14.04093514563795,0.5875038488082929,37050.0,28450.0,57700.0,30.23,29.4,5.0,KOSPI
001130,대한제분,1374735359151.0,72306706525.0,48742551364.0,,2.1303259169243107,1.559302799794245,7.3164911277263585,46.36840085606891,,15.01798170176569,0.9176755789281241,167.40533309365983,126.61150741656519,1462.4773213582973,5.8461846123033805,-4.628866260231082,20.277663577530834,5.259681875765144,3.5455952332601752,3.123596703937175,136.26604954503355,7.065699725468553,,28.409532771540434,-33.03839903177152,10960.0,10500.0,17270.0,4.38,6.79,32.5,KOSPI
001200,유진증권,,58338142158.0,0.0,,,,,267.97660753622154,,,,,,,22.432559669835353,,,,,0.0,,,,11.810253409558594,,4110.0,3105.0,6920.0,32.37,26.34,5.0,KOSPI
001210,금호전기,53171559352.0,-4957267533.0,-12196816073.0,0.20492801105142974,,0.1191073438596732,4.700763508651895,-16.80676731930309,,35.76689048199724,-7.333226009220041,94.93053099612922,,1525.594078485455,1.5771335261088884,-0.3774086559973201,26.4437342807986,-9.323156201198634,-22.938608951180267,-36.58141462741786,-761.7956136403765,,6.996488877724778,-46.61843999840935,46.24103134241203,,,,,,,KOSPI
001230,동국홀딩스,1999426088314.0,58003101705.0,0.0,,1.4926243969523592,,11.38716214961402,130.84236534795153,55.59789670349756,5.550735692940037,-0.613291929932136,167.3693112137421,130.58257193065006,629.255218846986,24.617627888347805,8.598729619190246,8.451723233515276,2.9009875405752386,0.0,0.0,0.0,8.781739219813295,5.0968850251424636,13.244764472042927,-4.646034852852681,1626.0,1510.0,2667.0,7.68,10.03,32.5,KOSPI
001250,GS글로벌,4066493928000.0,77879797000.0,54187863000.0,,,-0.39959807973973804,2.8199599219959786,49.08140639692046,,,,140.74497657828243,,164.00992677242877,,3.8299922355551907,5.011449410923601,1.915158325056277,1.3325450365703828,3.7639832212112037,10.18543960322233,,8.948359471802142,-8.451920567905422,12.281912803460612,2540.0,2200.0,5690.0,15.45,9.74,65.0,KOSPI
001260,남광토건,504249000325.0,7304140896.0,6198754619.0,,,0.018144713238890026,9.437132320010415,217.1674308247992,,3.37281788997863,-0.3754454568051666,119.61464163527904,,-20278.71409684824,33.575956821327964,-7.9305918755591485,4.821336556608076,1.4485186666294458,1.2293042951011823,1.4863922392399664,-422.7438931891448,,7.688087308310268,12.506405765399714,-20.436997640958865,7360.0,6730.0,13400.0,9.36,9.45,32.5,KOSPI
001270,부국증권,,,,,,,,,,,,,,-1506.3642069152934,,,,,,,,,,-12.986694960902758,,53900.0,39500.0,104600.0,36.46,22.12,10.0,KOSPI
001290,상상인증권,,,0.0,,,,,,,,,,,3859679629.452206,,,,,,0.0,0.0,,,-45.87412506884503,,691.0,619.0,1782.0,11.63,6.19,35.0,KOSPI
001340,PKC,245228124294.0,9748351104.0,3600645965.0,,,7.397477031319296,11.62391801065431,97.4698722648716,,19.60586635297946,2.28864840234883,45.20984992849256,,435.54729735841244,7.114555083491843,5.01290744721451,23.581083768218857,3.975217415239396,1.468284266075144,0.7755071189747682,6.2513639823848095,,8.907271043710832,17.635642310510566,-12.622734863296056,4955.0,4950.0,8200.0,0.1,0.15,15.0,KOSPI
001380,SG글로벌,99434870010.0,6154463640.0,6316098065.0,,1.5016293425361102,1.4753778375668714,16.828063311509528,90.62778853300692,,7.570725071841425,,137.61655957266666,100.09937229060401,61.78482414341748,26.673371152942597,,13.760167104984381,6.1894420331429565,6.351995094240884,3.1599184872966717,7.777366022729574,9.266390406580948,,-12.271724280876045,,1351.0,1126.0,3989.0,19.98,7.86,37.5,KOSPI
001390,KG케미칼,8863142439982.0,318801578803.0,61855875898.0,,1.7155097343663963,6.102638941294263,4.9977736097051775,46.31509830442446,33.069568298502155,7.958167403529086,-0.9260181022120788,97.25110435283281,65.80560864613359,460.99050057131274,7.53606707115343,-0.7826501430100608,11.555103602645925,3.596936199116839,0.6979000542625333,0.7579496157282997,6.50066999699611,7.908885384093195,10.819662199104938,4.893459026821718,-5.676109169831779,4030.0,3820.0,7400.0,5.5,5.87,29.17,KOSPI
001430,세아베스틸지주,3636063257694.0,52332166350.0,20236627791.0,,0.50822539599927,,7.248358475950916,167.8731060404496,,,,150.60061288795657,138.0203359206555,5949.975777125007,,-10.956776802813344,7.096252490657701,1.4392534629111262,0.5565532378508211,0.5288344733645831,67.07038922300538,25.415089908021578,94.14155555923159,10.400136921151873,-21.356913723965217,32450.0,23050.0,92500.0,40.78,13.53,18.33,KOSPI
001440,대한전선,3291299375000.0,115169757000.0,0.0,,,,18.370583988580496,174.99701650552814,,4.503280319190046,0.558904426016575,192.99013471245047,,116.46135795664358,48.952539535139415,15.728639481028814,8.00249883072396,3.499218511533914,0.0,0.0,0.0,,,23.92081844636964,-8.192178965340826,27450.0,14740.0,75900.0,86.23,20.78,27.5,KOSPI
001450,현대해상,,1244069529604.0,0.0,,,,,38.79652033885659,,,,,,-64681.218152625675,,,,,,0.0,-0.0,,,15.112872223303487,,37100.0,25150.0,44250.0,47.51,62.57,15.83,KOSPI
001460,BYC,165207568941.0,23832906913.0,18404839494.0,,,1.5332970716316099,31.515995386745526,72.8220159295793,,28.353457934320513,1.5636583891926605,256.1724001279783,,4298.046953187134,13.33847693346648,-1.8966306665741097,42.77949607880248,14.426038144481964,11.14043358423418,2.6428509831276545,538.1532015789473,,,-2.487211372898382,0.5905807063242721,31800.0,31150.0,71500.0,2.09,1.61,33.33,KOSPI
001470,삼부토건,462425746422.0,-112577744269.0,-127706950624.0,0.1333241509785155,,-0.7297408040959535,3.6819794091789273,-5.0413815141875205,,14.447419057854944,7.039209090258174,77.77059139644174,,255.55936901993638,3.0582454023941934,-19.574730407115535,-9.897623392758073,-24.345042450613015,-27.616747469648313,-42.52199642416536,-111.51587458752125,,3.9665617310346515,-28.898515432314237,9.323785025198703,,,,,,,KOSPI
001500,현대차증권,,54691000000.0,36150000000.0,,,,,,,,,,,820.9770408457141,,,,,,0.3014510678622641,2.7762951243956855,,,3.710379307554919,,7800.0,7310.0,14880.0,6.7,6.47,27.5,KOSPI
001510,SK증권,,-107876388585.0,-82546404429.0,,,,,,,,,,,7890.721979675929,,,,,,-1.3511607981492864,-117.36009394543021,,,-4.340620036110806,,2140.0,1219.0,6190.0,75.55,18.53,24.17,KOSPI
001520,동양,750408346536.0,-920616899.0,0.0,,1.3461426539022483,,8.429273167201568,-2290.274759157265,,10.151334692323484,1.572973079325413,71.60281705909235,57.7071274303783,509.706778158265,9.964332875647393,-13.380474214107352,10.02865256821736,-0.12268212410612286,0.0,0.0,0.0,9.90799858500265,5.057026062628015,96.17695513993692,-109.55742935404427,1005.0,971.0,2660.0,3.5,2.01,38.33,KOSPI
001530,디아이동일,651725598894.0,7810548526.0,,,2.4352430991821037,,13.177198372250501,366.5093632588573,,9.015121167513941,0.8108819485909766,95.09408001976537,59.93089862296511,78.18196853990223,17.540128139022208,-4.561106987280294,10.213562434705956,1.1984412671920146,,,,5.488177944950289,6.8467986168968675,21.42343399041917,-25.984540977699464,23200.0,14981.0,41953.0,54.86,30.47,25.83,KOSPI
001560,제일연마,81974461738.0,5753862882.0,5993875383.0,,4.91019402147799,1.1343516393890967,35.68376441005671,169.4604963824023,,16.847212003830773,,492.261616293278,311.83321907248865,1447.1130227871572,25.416975391733292,,23.866303999079268,7.019091995248497,7.311881354167508,5.16303485409915,514.567503099883,3.210004780802036,,56.1551646279174,,8370.0,8320.0,12900.0,0.6,1.09,28.33,KOSPI
001570,금양,153730068660.0,-56002221720.0,-140110721569.0,0.14242416802609023,2.353082425004093,0.14520529557033818,12.980644011246875,-11.877596006084548,483.4331905959917,48.075213652870815,15.634800945050237,14.80971630036648,11.045486604442308,131.08792132267985,3.2400839496978673,1.1176122948066167,11.646281949302551,-36.42893170356826,-91.14073960304962,-11.147023949003751,-24.090874083226428,5.771906349492914,5.535717632042551,66.85138791442394,-65.73377561961732,,,,,,,KOSPI
001620,케이비아이동국실업,668399686056.0,-6326628228.0,25660357954.0,,0.9083076064505166,2.5192392971635473,4.247285335891304,-149.57331050030947,,10.668126390775392,1.3826912479720672,80.48984803581905,70.09643259840745,-6584.99606353992,4.77754220035925,2.9227983570294267,9.72159269843761,-0.946533692337782,3.839073908818401,3.3551239952047367,-313.5622018206578,14.634045678816104,,26.443523141475296,-23.520724784445868,2100.0,2085.0,4820.0,0.72,0.55,42.5,KOSPI
001630,종근당홀딩스,957752613068.0,35486435048.0,0.0,,5.5585190131780235,,4.487267676600811,40.36934429533252,,42.71346671835756,,87.34140096532438,40.03940041747071,510.28190134637833,1.260661244713885,,46.418644293840764,3.7051775754832086,0.0,0.0,0.0,4.029103768469441,7.729821335288752,2.1357851807106027,,37500.0,36400.0,59300.0,3.02,4.8,27.5,KOSPI
001680,대상,4255134757567.0,176941145485.0,1504281975.0,,2.502243198886801,,16.565228923490828,132.78856304863902,,22.681564851281998,0.8848878155360502,153.90467565385896,98.58852713816248,145.08142849259755,8.764066694042693,3.5944255982330704,26.839861957392248,4.1582971061102505,0.03535215829122455,0.04285904972269274,0.10582849285543307,6.555068166233907,,3.5975186849059893,-0.0030930866729188544,16900.0,15880.0,24700.0,6.42,11.56,22.5,KOSPI
001720,신영증권,,,,,,,,,,,,,,-4908.242299892752,,,,,,,,,,,,142900.0,114000.0,272000.0,25.35,18.29,6.67,KOSPI
001740,SK네트웍스,7657281000000.0,113915000000.0,0.0,,0.6856882588144845,,8.967425904834888,200.92788482640566,,9.742400729449527,-1.150313167085205,102.14503249871854,82.37418549593569,478.50163569483885,11.04544083602881,-16.166055406762545,11.230069785867856,1.4876690564183292,0.0,0.0,0.0,19.714631081909136,15.13419269150267,-55.369732309270034,39.20367690250749,7690.0,4275.0,16240.0,79.88,28.54,60.83,KOSPI
001750,한양증권,,54449191375.0,38797645588.0,,,,,,,,,,,-232077.27789417517,,,,,,2.240906005833464,-7397.468019839482,,,,,19050.0,16490.0,31500.0,15.52,17.06,20.0,KOSPI
001780,알루코,622944292918.0,38053108468.0,18154888938.0,,,2.40719074119626,7.922906027569432,43.23369182266616,,10.07441777161622,0.6632061031649439,92.55420030174074,,4121.5467515694545,9.43725726748182,5.3718631289630165,16.183007078976495,6.108589307360272,2.9143679690777393,1.9030270529548174,133.07560431078923,,,11.940372880908273,-6.568509751945256,1557.0,1508.0,3495.0,3.25,2.47,24.17,KOSPI
001790,대한제당,1373829105000.0,36996731000.0,20491028000.0,,2.013196560299041,2.45729033213951,15.401674431697238,190.64088482123822,,7.035648149265262,0.12854941302969802,172.3828374952011,116.69404527946992,6100.222718821333,26.26909266343397,3.1132378587725382,9.833703588627932,2.6929645663606756,1.491526706300199,1.6611522731442625,185.35202680730643,6.610751542221785,,6.9103350304975955,-3.7970971717250572,2530.0,2150.0,3410.0,17.67,30.16,17.5,KOSPI
001800,오리온홀딩스,3195245858433.0,506240029274.0,0.0,,,,16.75610107519451,35.25327872681373,,,,245.423094991862,,84.26516767415832,,,38.68445190925575,15.843539173610516,0.0,0.0,0.0,,,28.829437582153083,,25100.0,18360.0,29950.0,36.71,58.15,5.83,KOSPI
001820,삼화콘덴서공업,295412198601.0,17842307493.0,0.0,,1.7447759263662217,,30.758879470217117,169.75659705384498,,9.97368237314905,-0.17286030586827117,382.2848141444926,315.3609740745063,1347.6083377894743,37.00805177396733,5.215560591846917,16.013482888326422,6.039800515177372,0.0,0.0,0.0,8.189021550636195,,-3.1357284852440945,8.351289077091012,86400.0,24950.0,196800.0,246.29,35.76,62.5,KOSPI
001940,KISCO홀딩스,1013177626169.0,-3627526849.0,32413349113.0,,1.5917207319625153,,8.840082396081284,-823.019288349679,,5.614648054467721,,1286.382031753166,1154.092602774554,990.0882466419966,18.893613228092544,,5.256613416186544,-0.35803463828117754,3.199177348157646,1.8951903296373116,214.6050122445781,7.957295178578328,,-26.54008174574894,,25100.0,20150.0,29450.0,24.57,53.23,5.83,KOSPI
002020,코오롱,6028363775125.0,-89552863444.0,0.0,,0.8394055986934109,,5.82102471081755,-130.61653624190953,,7.566242561523954,1.116065141959214,76.52555160830842,63.587860854722976,4126.732339783892,9.232098490342517,2.2756571061491915,6.080717354609197,-1.4855252069147584,0.0,0.0,0.0,15.22140066141278,,19.683187395435162,-17.407530289285972,24100.0,23050.0,88200.0,4.56,1.61,4.17,KOSPI
002030,아세아,2007423276000.0,172421989000.0,62147073000.0,,,4.089457165585256,12.250566183033538,47.54241196772956,,11.351202993623154,0.8931305759284189,94.92160536010073,,100.39368514985583,12.950767797826142,-5.126173117714117,19.940422370593254,8.589219376970101,3.0958629275154426,1.863883319631646,4.7833395010018736,,6.627507826783372,0.9569925924833588,-6.083165710197476,176100.0,157800.0,402000.0,11.6,7.49,34.17,KOSPI
002070,비비안,235220902183.0,1680517987.0,-1043667313.0,24.32213834793157,,0.002505389377850526,10.791651821933442,503.4999322106829,,54.30014838036406,1.5424598411372585,118.40181272533894,,920.2642485682516,2.384888913306006,8.248064753743053,55.014590834841414,0.7144424544773536,-0.4436966712201601,-0.4054646395352319,-7.005891543898618,,4.723628402873597,33.33556685357193,-25.087502099828882,,,,,,,KOSPI
002100,경농,325185752782.0,26720336645.0,,,9.47442367222108,,13.196005235742076,53.53167206575314,,25.216817720170127,3.1507501150663337,154.85348284641273,60.76123950880089,1940.162817817834,6.279621187182716,-6.396527904709151,33.43376339395952,8.216945673789388,,,,1.9027180597752544,,16.81876749574078,-23.215295400449932,9030.0,8550.0,11900.0,5.61,14.33,46.67,KOSPI
002140,고려산업,307656378676.0,14269657884.0,0.0,,2.2003914717368076,,5.976280331363826,42.94989129257249,,,,85.90436042709378,55.76150075477882,165.44824629665268,,-3.5737132023269518,16.32421850024129,4.638180409393593,0.0,0.0,0.0,6.517507142919348,,4.926177521805056,-8.499890724132008,2025.0,1648.0,3320.0,22.88,22.55,28.33,KOSPI
002150,도화엔지니어링,,-13386874639.0,-5276413775.0,15.848797043973299,,-4.057797120355672,,-208.22587620358556,,,,87.08644551546043,,2068.65876311981,,,,,,-0.8718731285776369,-31.29545536773428,,,5.454477679984788,,4895.0,4635.0,7650.0,5.61,8.62,27.5,KOSPI
002170,SYTS,191310493294.0,19991855072.0,11008468580.0,,,3.1538195129226594,91.22838549623545,291.0009662909185,,4.377323789621236,0.024668718460060468,1964.7150974175815,,133.23815813333334,250.09359110022612,6.723327725190109,14.827275973517986,10.44995218389675,5.754241908248352,2.424071218090298,73.38979053333333,,4.067663914833594,-12.469244317800003,19.19257204299011,56500.0,49050.0,62700.0,15.19,54.58,10.0,KOSPI
002200,한국수출포장공업,301761200613.0,-585859876.0,3395100263.0,,0.8819115935887736,2.539076239940782,16.001959990186936,-2747.3979453749107,,10.51479169672719,1.0689571472916253,360.5717486461149,312.27722081943057,22.049222075933486,18.2622276713301,-3.3759297802490353,10.3206448432517,-0.19414685347548982,1.125095027492987,0.966704657101519,1.2897885686754873,15.172729574206759,,-5.2909850318025065,1.9150552515534711,2235.0,2150.0,3785.0,3.95,5.2,25.83,KOSPI
002220,한일철강,205842246124.0,666960944.0,0.0,,,,16.507414582685232,1698.212029738681,,6.81882399230363,1.4985739849504514,78.42371761539762,,1543.9494118556536,29.0503135461195,-4.815237501637492,7.142839570523768,0.3240155782201389,0.0,0.0,0.0,,,9.235840488060978,-14.05107798969847,3600.0,2485.0,6470.0,44.87,27.98,0.0,KOSPI
002240,고려제강,1739609163820.0,26107109844.0,0.0,,3.3011534096637147,,8.91685913400088,198.05396505255027,,9.970192022335562,0.6382205360864326,249.43891441855453,159.1335260761129,2727.4795016079997,10.73222154280483,-2.75415837188916,11.470937729300653,1.500745706965093,0.0,0.0,0.0,4.106101445518388,3.8142089895127103,3.9324939666363354,-6.686652338525495,16370.0,16060.0,28300.0,1.93,2.53,25.83,KOSPI
002310,아세아제지,891065284091.0,26566121417.0,0.0,,,,19.616416390894774,219.3207829103052,,,,258.90669883777235,,32.861218591611724,,-1.901185106398895,15.55396943899409,2.981388893867729,0.0,0.0,0.0,,7.133687388149721,-3.967607135425779,2.066422029026884,7290.0,6840.0,11380.0,6.58,9.91,30.83,KOSPI
002320,한진,3015479161930.0,100088306580.0,-365000885.0,618.3391690680421,0.038871528759265306,-833.8757192355848,7.484526730920887,75.16507227531913,,4.036822750023227,0.15999005851162806,65.70964780744045,64.84901067649162,2028.223630330599,22.248765014647688,7.406883258278178,7.355973744120643,3.3191509940974155,-0.012104241661096013,-0.008712264552625776,-0.27772524215767697,333.22087767574465,,0.14311714352638294,7.263766114751795,14450.0,14350.0,23850.0,0.7,1.05,27.5,KOSPI
002350,넥센타이어,2847925036412.0,172136969776.0,126365075538.0,,,2.052243803352254,4.823352736456219,26.60003258930998,,21.797922447990747,4.838847419176478,128.93301635888247,,4997.53748616514,2.655309604645824,5.411548085903209,27.842216717508084,6.044294269517335,4.437092757792631,2.7623954694772705,233.64621557285437,,,6.926490528060046,-1.514942442156837,6830.0,5620.0,10110.0,21.53,26.95,16.67,KOSPI
002360,SH에너지화학,126047268210.0,-9694396156.0,0.0,,1.9916161449842393,,15.257303990880358,-66.12553814090974,,7.665292844667514,-0.027898903618983617,526.4287127966885,373.2383456426844,837.3052829307893,23.885277653538342,-5.961350486284381,-0.0257870919866721,-7.6910799366541855,0.0,0.0,0.0,6.023704104296541,7.081751237762174,-0.7849137558648654,-5.176436730419516,2000.0,1550.0,6050.0,29.03,10.0,33.33,KOSPI
002380,케이씨씨,6658762417820.0,471118235184.0,310568028257.0,,-0.21066454400605952,,15.19013342874523,71.56553779434712,,17.414688359937614,1.258548799438767,123.63547931019173,126.3675441632254,160.12561400142516,10.467118180781258,5.888895341037545,24.489850463982744,7.075162104045132,4.66405029598092,2.369201970277944,6.162901172119364,-75.43701027888038,-46.10967256573448,2.0654474086219046,3.82344793241564,419500.0,303000.0,692000.0,38.45,29.95,0.83,KOSPI
002390,한독,507358329302.0,538506984.0,0.0,,3.357143983538499,,10.454950805277122,3283.4030205137196,,30.920042941607345,1.504173755477872,96.05807176519895,67.34771634078439,219.33157259642906,4.057543189712129,-2.9427092745037955,31.026182321390632,0.10613937978328904,0.0,0.0,0.0,5.182353255331354,,11.071267054775484,-14.01397632927928,8370.0,6460.0,13460.0,29.57,27.29,25.83,KOSPI
002410,범양건영,101357084787.0,-38232332659.0,0.0,,2.755829842050078,,1.0213332419489372,-0.902546377201246,,11.834831609658261,,56.120385426417464,36.84432427649992,459.33568236171106,1.0355870964302758,,-25.88560277274779,-37.72043438240605,0.0,0.0,0.0,3.4590176943554707,,28.718215243815315,,,,,,,,KOSPI
002450,삼익악기,230380204827.0,5934200402.0,3121071310.0,,,11.262787776226746,46.00554672593923,595.3493624475452,,21.828120115946007,1.0715372512658767,149.10608349489584,,92.89977153135939,25.29153027282326,-7.0782280182219495,24.403949235664076,2.57582911971807,1.354748040242309,0.594509242699102,1.1468069708993827,,8.517211716918162,-7.032768083672418,-0.045459934549531233,1111.0,1050.0,1422.0,5.81,16.4,9.17,KOSPI
002460,HS화성,612780034467.0,23733768464.0,11986548012.0,,5.211801058294276,10.233161328699644,20.450335829397623,176.00179414418454,,8.263353142215815,1.7258700103631321,141.13151428197298,77.45063108413024,117.31543793425216,29.697875151801448,-32.518304921868676,12.13648332418132,3.8731301819655046,1.9560931064645368,1.4381354266449946,3.121175623223504,2.6205040467583633,19.424763479626886,-27.594982050660104,-4.923322871208573,10830.0,9580.0,15780.0,13.05,20.16,17.5,KOSPI
002600,조흥,428162970536.0,20834881066.0,0.0,,3.6622700736551437,,4.909514329481833,33.630657366383645,-63.307869066987976,6.7504547256428005,0.5636993909019434,106.79187983160772,53.81413937679339,174.0366684457624,8.727437535427956,5.472989631957988,11.616564711734696,4.866109986091896,0.0,0.0,0.0,3.7073193691781485,,2.950281853323845,2.5227077786341434,137000.0,134000.0,164400.0,2.24,9.87,33.33,KOSPI
002620,제일파마홀딩스,779822241410.0,-11558923268.0,-51159360664.0,1.483267364586079,,-0.08878835927667057,9.73080864285117,-218.8295233232676,,27.965322846100023,3.8665862976012555,108.35194137156547,,159.14327371345203,4.175517813859191,-3.012371262943056,26.483071808081377,-1.4822510380186464,-6.560387476445727,-5.745447916192056,-17.97134685097558,,,-5.185076985357924,2.1727057224148676,6730.0,6050.0,9920.0,11.24,17.57,19.17,KOSPI
002710,TCC스틸,582074815373.0,12272472364.0,20160837946.0,,,0.8894382244443244,1.3388028143781252,21.166161630858383,,5.329245703255846,0.5110746807925315,83.63640469336669,,453.5022431095041,3.014616827053475,-6.781317839117467,7.4376468984073085,2.1084011951514623,3.4636162592055646,3.512643262830163,29.031342990823894,,6.6525190976607265,-3.0044495324709684,-3.7768683066464983,8690.0,8460.0,22950.0,2.72,1.59,22.5,KOSPI
002720,국제약품,156462822664.0,6701642414.0,5205175386.0,,3.628966601821511,0.756922284616367,5.546625168354952,43.16556929820896,,48.44178293827946,-2.6865391730857624,199.57855313711886,121.22061587709855,150.9671323195933,1.3740101619518026,15.579310754207256,52.72500006289418,4.283217124614714,3.3267809549735556,3.14421726252199,10.339692689106279,6.994662075455336,6.874137847799019,-2.950473846543682,18.529784600750936,3320.0,3115.0,5470.0,6.58,8.7,30.83,KOSPI
002790,아모레퍼시픽홀딩스,4259886701995.0,249277525878.0,252032886627.0,,5.695010239957833,,13.249197388739905,75.47154464300776,6.0701756564150955,65.96706679017912,-1.268281440429675,226.98083058810363,176.9208910897642,-2036.1784453698017,2.4101476145752874,5.931940168818821,71.8188075362712,5.851740746092092,5.916422296136829,2.9510245816211635,-331.3383705621712,7.4769998300128,10.370938745291154,40.00027727767045,-34.06833710885163,23500.0,19950.0,35950.0,17.79,22.19,20.83,KOSPI
002810,삼영무역,480191108812.0,18360036943.0,56753588344.0,,1.1143334679814587,0.6312272523079567,34.94728987281206,304.6721878628557,,7.371203038633908,0.7349788559008692,461.49522659937537,418.8882667868488,495.07756007367385,56.8926776641151,0.7090646755339045,11.194688439774094,3.823485401140185,11.818958598464938,7.788233250854814,250.2523683030793,12.126267083513026,,-6.437161831453399,7.146226506987304,21000.0,14510.0,23600.0,44.73,71.4,0.83,KOSPI
002820,SUN&L,339342203215.0,-5864106894.0,-15725949701.0,2.426454010251193,1.0270325718601456,0.05310511726658358,11.24478280493267,-216.90312726076306,,12.162115634892443,1.6653035885008656,53.57897485824748,43.132101387916336,243.1574733879105,11.09489481189145,-23.062449713211215,10.434035001702052,-1.7280806331903924,-4.634245181415402,-3.127791369015578,-13.77029699060708,13.045298451037617,6.920375191353642,-30.001911318064188,6.939461604852973,2280.0,1613.0,3100.0,41.35,44.86,13.33,KOSPI
002840,미원상사,435797799410.0,59945950557.0,50549440013.0,,3.9690594544320965,1.5736069510471948,9.11810742408448,22.09574410102218,1.8483535887178413,9.22358383668278,1.117475071931981,464.9506620588143,232.66388903699294,19.535461895644268,11.862773844354756,3.424671782393947,22.97903433187967,13.755450495196891,11.59928757819241,10.559818884923978,12.622728279437348,3.9254069060440293,6.909856005660723,12.404628049121454,-8.979956266727507,121100.0,109100.0,172000.0,11.0,19.08,30.0,KOSPI
002870,신풍,22778451624.0,-4365691306.0,308958199.0,,,9.618523721391838,29.206906096243795,-50.7966971680338,,32.67148470776145,6.825709547043889,1678.446086319113,,20.60106955922274,10.727485337440594,-15.308271808566406,13.505602065412802,-19.16588264234865,1.3563617233511744,0.41020728840985893,1.7675611450082527,,2.996317964577101,-88.93669225625054,73.62842044768414,1047.0,664.0,1471.0,57.68,47.46,5.83,KOSPI
002880,디와이에이,564915822828.0,37469149998.0,5182150999.0,,,,0.08513926191556499,0.42787658827388453,,5.182155692762974,-0.31495350573162284,39.48298864997251,,8044.037931370414,0.19715176531912623,-0.3555315310801798,11.814851836841104,6.63269614407813,0.9173315367691179,1.5482447492372349,143.4433273859547,,9.943390357090124,-2.881697217240477,2.5261656861602972,778.0,684.0,1530.0,13.74,11.11,35.0,KOSPI
002900,TYM,788790147164.0,16080371733.0,0.0,,,,7.143431811057443,116.80220505385005,,19.30615150791658,1.8206540981862638,137.84533308116903,,105.62878927598848,4.440096810466805,-5.700694150060169,21.34476365220046,2.038612144283881,0.0,0.0,0.0,,,-7.870184042517206,2.1694898924570367,6280.0,4800.0,9900.0,30.83,29.02,8.33,KOSPI
002920,유성기업,324603324420.0,-473712416.0,-11147416455.0,3.6004631556577116,,-3.3362662905913654,12.364587546573839,-2824.207322936905,,5.009439372210604,0.26073976159203394,320.0573064727773,,1844.6156433288409,29.619092983135552,4.216588138239976,4.863503585247724,-0.1459357869628808,-3.4341658314554118,-2.547932217371562,-187.79340389150943,,8.194541713673805,4.782641171280116,-0.5660530330401405,1742.0,1600.0,2590.0,8.88,14.34,47.5,KOSPI
002990,금호건설,,-181828149572.0,0.0,,0.8660699764307106,,,-38.1453774060446,29.01595494307591,,,90.13842941541624,76.74798317929104,2542.7606160313294,28.55141875524778,,,,,0.0,0.0,,,8.570912899397129,,,,,,,,KOSPI
003000,부광약품,160086870107.0,1617661424.0,0.0,,5.831384553248439,,56.27640286913239,1856.4068398447923,,30.792570911688106,-8.927723666999345,575.5644753543487,457.85496262392576,4998.672967973814,21.93116113514429,27.125471718545906,46.43926621234458,1.0104897565420423,0.0,0.0,0.0,3.8420502942182306,6.795193039852209,-33.74420705395106,60.86967877249697,3740.0,3200.0,9890.0,16.88,8.07,45.0,KOSPI
003030,세아제강지주,3675086864147.0,211611279793.0,0.0,,3.9109726597523213,,22.883999347596387,132.47668946533793,,7.155359721926878,1.301426544247601,200.61026076885722,119.4003417452481,13991.330011094593,38.37794364546735,-6.088289237489608,12.913353685482232,5.757993963555354,0.0,0.0,0.0,3.52326167554192,,48.44138215565958,-54.52967139314919,98500.0,94400.0,260000.0,4.34,2.48,29.17,KOSPI
003060,에이프로젠바이오로직스,67378141310.0,-52823131512.0,0.0,,8.370510207374606,,18.264334261434378,-7.765643949125059,,67.14965564846331,14.70851885291897,78.09737089140039,42.65148654197428,30.141212907596515,3.2639335082313,-22.876209385310194,-11.248368525231436,-78.39802417369474,0.0,0.0,0.0,1.2886520382461646,2.9330956556185717,-3.811127191021312,-19.06508219428888,,,,,,,KOSPI
003070,코오롱글로벌,2911960747188.0,-56668787248.0,22516469837.0,,,,9.569065054880364,-163.90411241821323,,6.47509671334271,,119.53833858472518,,-30100.448818781017,17.733909737895644,,4.529026962824147,-1.9460697505185631,0.7732408432614875,0.8278278557383558,-319.0941520911405,,4.41154303473546,5.280379407431704,,8690.0,8440.0,13570.0,2.96,4.87,40.83,KOSPI
003080,SB성보,59837932666.0,-2930119648.0,-3442408935.0,0.19627751343842012,,0.9469773851839017,1.1291624491297227,-7.686460476806668,,30.80155173788704,3.112465558066784,174.09985975000325,,230.82890170886455,0.43991125852564555,-4.431239564507248,25.904792245283616,-4.896759492603424,-5.752887477270721,-1.5882173324306117,-8.689551920534901,,25.537159338710133,176.18003331536985,-180.6112728798771,2185.0,2040.0,2985.0,7.11,15.34,28.33,KOSPI
003090,대웅,,281913080239.0,57885500089.0,,,2.8052712736407366,,30.031602624784608,,,,133.17456173636887,78.72105839696208,-1601.9130342719002,,,,,,2.12760060406876,-76.11859937065938,,,32.057092762355474,,15880.0,15650.0,30600.0,1.47,1.54,31.67,KOSPI
003160,디아이,213957402579.0,3081395875.0,1095356869.0,,6.319883894206562,-13.62670433301496,21.150657169849957,489.53351602921407,,19.499546139608494,-1.350791402337535,163.95423168203084,83.31349948018287,345.5518576417718,13.016091975733305,-0.27245596035089453,24.411146483102026,1.4401912894143725,0.5119509097590389,0.3427160851728691,2.4922681446460904,2.511969650921637,6.478813154640472,27.258803615541154,-27.531259575892047,19330.0,12480.0,41700.0,54.89,23.44,2.5,KOSPI
003200,일신방직,523651392861.0,,0.0,,3.80861014332171,,18.47627522871538,,,15.14387926875046,0.4498070817569708,262.6954454419278,169.68625317858573,16370.35178897101,14.640588373026468,-2.9212811608632054,16.874838320626033,,0.0,0.0,0.0,3.7903753873363377,,16.607606982486637,-19.528888143349842,9870.0,9360.0,17800.0,5.45,6.04,36.67,KOSPI
003220,대원제약,598162352613.0,28220453539.0,-5164811233.0,8.92731513465557,,-5.815321656500123,7.708258014999308,54.461559738672015,,39.65198348573655,0.40594879742064194,128.28727256254984,,108.54607638007212,2.332773497024811,13.51362201074979,48.035472210986384,4.717858523814205,-0.8634463888337582,-0.885311979729533,-1.8761717374512796,,7.680886334446559,22.59707524701337,-9.083453236263578,7570.0,7200.0,13700.0,5.14,5.69,23.33,KOSPI
003230,삼양식품,1728015003746.0,344569150443.0,271255665463.0,,1.7677640526139442,1.3194366793154377,20.2246962059,33.80896446578564,,21.912318906847712,-0.6557637062804211,137.41447231710777,107.35500089882328,2035.7024494442132,11.075795104230439,44.85655487714267,41.852490126197154,19.940171219349438,15.697529528098455,17.008947427359132,720.1782167246447,11.674164984012046,12.627700436168602,29.188334327647862,15.668220549494809,1109000.0,981000.0,1665000.0,13.05,18.71,42.5,KOSPI
003240,태광산업,2121863335311.0,,0.0,,0.9162846540403304,,32.45916525001135,,,9.696273376477595,0.7233074224947416,488.26390920225526,451.40112925947324,17.198431035056334,40.17110160539174,-6.339758201312838,8.416048086708,,0.0,0.0,0.0,14.299849057566789,6.116400755099831,-0.2937064988908511,-6.0460517024219875,844000.0,708000.0,1634000.0,19.21,14.69,37.5,KOSPI
003280,흥아해운,188000981753.0,27541001667.0,39585171449.0,,0.8518803207044726,1.1938369525539554,39.13241438422756,89.04217805332738,,9.596515580808717,-1.3726305120325843,155.9375078882117,140.49393678411136,91.76273127431523,48.93327881943141,14.070276521887628,24.245908052165063,14.649392471356345,21.055832304646103,8.924436909460857,17.336967043694955,18.59501630840634,,35.22737400698509,-21.15709748509746,1967.0,1553.0,4795.0,26.66,12.77,55.83,KOSPI
003300,한일홀딩스,,279313951093.0,118763549838.0,,1.336465101371358,,,53.9293832749439,,,,152.8170329958726,127.85166328508959,62.55064039796806,23.234364940232563,,,,,3.202020758939037,5.288168589211857,,,3.14393026005264,,16930.0,15250.0,23800.0,11.02,19.65,68.33,KOSPI
003470,유안타증권,,,,,,,,,-100.0,,,,,-26780.091083280924,22.132386111101102,,,,,,,,,2.056524007563991,,4365.0,3265.0,8400.0,33.69,21.42,26.67,KOSPI
003480,한진중공업홀딩스,,45875000000.0,56537000000.0,,,1.8485593505138227,,78.77275204359673,,,,62.22008706223774,,-4466.772933270823,14.266169536133347,,,,,3.056604242817761,-176.70573527113612,,,-4.591560842286848,,4650.0,4230.0,6790.0,9.93,16.41,45.83,KOSPI
003490,대한항공,,2110200077994.0,0.0,,0.9954481071764945,,,105.69156230404334,,,,68.44129208605403,61.54410776528643,1952.1150221506043,48.72115741250524,,,,,0.0,0.0,,,75.19381484940828,,24900.0,21000.0,31200.0,18.57,38.24,9.17,KOSPI
003530,한화투자증권,,3966004857.0,,,,,,,,,,,,-78177.45863280704,,,,,,,,,,5.435884671245928,,4235.0,4110.0,10300.0,3.04,2.02,23.33,KOSPI
003540,대신증권,,83593035000.0,144817600000.0,,,,,,,,,,,-9512.312407273557,,,,,,0.5486323830452378,-59.68402525891898,,,17.6263841087044,,25450.0,23450.0,51400.0,8.53,7.16,32.5,KOSPI
003550,LG,,966842000000.0,790478000000.0,,0.04048651049983791,,,47.57140601394368,,,,225.59320244457538,224.72947562975344,334.1980615094303,,,,,,2.498407596154311,75.33599550163447,,,8.343457138302094,,99100.0,70100.0,185900.0,41.37,25.04,56.67,KOSPI
003570,SNT다이내믹스,614453293151.0,110508614595.0,0.0,,2.992236926481479,,49.515018041612535,91.77162645525428,,-1.7155635309467694,-6.639135111838141,323.2057329711204,244.47526417989133,1085.8359415855043,-346.3469616723781,26.442615461616008,16.26930461554762,17.98486814649439,0.0,0.0,0.0,4.7896146094930225,,-31.57319426377715,58.015809725393154,32450.0,31200.0,76400.0,4.01,2.77,25.83,KOSPI
003580,HLB글로벌,98261049794.0,-3666767452.0,-8039373450.0,1.8845478207011268,5.070972396753503,0.4095259761816389,15.418707358370929,-137.7287934884469,,57.50785624056143,-4.7952257479595275,132.62644459546541,81.1583430310387,44.37654021835172,3.217377596662171,23.03290638756833,53.77619709414765,-3.7316591464137803,-8.181648238904629,-5.914844873828479,-8.732626616311757,5.119462036366982,16.437441501343585,-29.75249093234751,52.785397319915845,1176.0,1000.0,3230.0,17.6,7.89,19.17,KOSPI
003610,방림,110595886622.0,-3270147637.0,774205601.0,,,23.589235366433368,47.42903201751232,-534.6808391003949,,8.672789820640569,1.7955865759477376,326.6986596896096,,22.183100009581445,65.62460246132319,-16.16543500790945,5.7159460022290665,-2.956843818411502,0.7000310993899055,0.3342465094794785,0.40941256064462833,,8.83049314593376,-15.756799152111137,-0.4086358557983143,5100.0,4125.0,6280.0,23.64,45.24,0.0,KOSPI
003620,KG모빌리티,3905069387798.0,1432909587.0,0.0,,1.8126166773815813,,2.391067042208213,2172.103249549501,,8.816305823598567,-1.753269450177056,115.18915764307067,62.34553141252174,-10610.442607642306,3.2545155624815836,4.515089934829584,8.85299939917183,0.03669357557326254,0.0,0.0,-0.0,7.263281776134468,10.691862639378705,8.450339467285497,-3.935249532455913,2735.0,2600.0,4670.0,5.19,6.52,22.5,KOSPI
003670,포스코퓨처엠,3699944235821.0,721245866.0,-212323486396.0,3.0341287787093183,2.661243796287628,-3.1595669502092267,17.411527293655315,29773.33300791495,4.718187244427972,,,134.56396952490627,85.63541981914344,155.2703459552211,,-22.267980417154746,6.376957863681024,0.019493425306718413,-5.738559093415266,-2.6766411786349074,-7.148280623077624,4.816303378145077,7.88454764855138,23.873120287688295,-46.14110070484304,141100.0,122400.0,299500.0,15.28,10.56,12.5,KOSPI
003690,코리안리,,405432507241.0,316671748113.0,,,,,32.83868202117106,,,,,,-7198.325589983328,,,,,,2.406248594744072,-234.81854763854574,,,10.14468003577016,,13390.0,9940.0,15400.0,34.71,63.19,2.5,KOSPI
003720,삼영,126040086242.0,9101817091.0,8062253017.0,,1.8058452641108056,,8.731817561493097,40.305469684298814,,10.149357382569983,0.08161427144354683,85.66121445297013,60.30534518237424,232.07931821701953,10.323984739946628,2.8170904420305987,17.370724300333187,7.221366917763204,6.396578467520468,5.925953752533668,30.243939856936876,8.042049938358563,5.477519727797042,-4.723711173352192,7.54080161538279,5710.0,3705.0,13980.0,54.12,19.51,15.83,KOSPI
003780,진양산업,88220353454.0,8195906921.0,10046023809.0,,,0.9259555134307367,12.026201474620086,43.14982079984182,,10.793480688064802,-0.19480282020777828,131.9156581767706,,591.2617993190596,13.370517061750135,1.552662717702415,20.08374829651813,9.29026760845333,11.387421854116935,10.468342727419893,187.98373724695017,,5.189167286801681,-4.307332401792631,5.859995119495046,4120.0,4070.0,8090.0,1.23,1.24,25.0,KOSPI
003850,보령,1017106670442.0,70472227261.0,69633253502.0,,4.208895515179409,,18.86224907271809,90.7445864233721,,23.735501500652738,-3.936632758794037,263.88212317638556,168.07794205334932,-1459.8554148989344,9.536221042828712,18.31972980823828,35.72455932563076,6.928695810280662,6.846209500498089,5.981791540471856,-267.80520466838357,4.43575998227675,,3.6380594652171743,14.681670343021104,7970.0,7910.0,10800.0,0.76,2.08,23.33,KOSPI
003920,남양유업,952794199365.0,-9807235105.0,249980282.0,,,139.10287807819978,8.956863456649513,-290.0595820205264,,21.59219218002276,,407.3821052304309,,-387.3366952433499,4.977834607235367,,20.562879122540238,-1.0293130574825222,0.0262365453281099,0.03451842700167114,-1.0478154822396355,,9.58349222003705,-17.821210002201347,,41050.0,39500.0,71000.0,3.92,4.92,34.17,KOSPI
003960,사조대림,2642956274496.0,133016935612.0,95780719849.0,,,1.597717878663424,6.463201411403392,42.80647584461661,,8.900673721583207,0.7212158070130279,106.27001020961406,,1413.906352594662,8.713769245216756,28.10764104981851,13.933558181140365,5.032884459557158,3.6239994120699164,4.510404003004544,105.39160511440689,,9.337017265702132,132.74525176352668,-104.63761071370817,29650.0,23200.0,46350.0,27.8,27.86,22.5,KOSPI
004000,롯데정밀화학,1670545189888.0,50372565787.0,0.0,,2.448624265122512,,27.107106612863312,299.6581297538131,,5.763348162491489,,588.3709044468715,417.1584787911411,-2281.228186845595,56.44033124206386,,10.718174512657413,3.0153369146737763,0.0,0.0,-0.0,5.489035451449953,6.401371125325386,15.160316427539321,,45050.0,36850.0,71800.0,22.25,23.46,20.0,KOSPI
004020,현대제철,23226141091217.0,159492008580.0,,,3.457618229293544,,9.283756206356605,450.65127593763566,,5.314990908923805,0.1666938913547913,148.84852312681008,67.14219278416364,-13702.27357263957,20.960539046121692,-10.374857099287532,6.001682718611952,0.6866918096881455,,,,3.692190731032393,,-1.9883092417835997,-8.386547857503931,25800.0,24450.0,50400.0,5.52,5.2,20.83,KOSPI
004060,SG세계물산,138801745057.0,-2756643488.0,0.0,,6.295820065199104,,14.038361683419854,-235.61855905346096,,46.3326151300118,0.8507872481294356,239.62131013633257,119.95831202818141,110.67625191635521,3.635891039785462,-2.990134131930766,44.346585713113654,-1.9860294168981545,0.0,0.0,0.0,3.4248150682702416,,-32.78588580972564,29.795751677794875,2355.0,2235.0,9030.0,5.37,1.77,50.0,KOSPI
004080,신흥,101755599986.0,6277866223.0,5228581708.0,,,1.8330209516159675,1.3525105086986382,7.307446692412048,-29.151777473089673,23.147358112222452,1.6086386066430833,211.8362043109029,,21.844264545761632,0.7011653781696019,-9.504550176328209,30.39349591300635,6.169553541882449,5.138372442125418,3.697000848113268,4.520300962148034,,9.166388613017396,-4.438721268672002,-5.065828907656207,14020.0,13150.0,14760.0,6.62,54.04,5.0,KOSPI
004090,한국석유공업,721176274228.0,13916814381.0,13052927905.0,,0.5987086029573495,,2.4703818859087328,42.672141186570975,,6.627075998744,-0.14637299385091307,123.16986137441046,102.02363753908223,-29385.970318472915,4.473252251298038,6.175025616469557,8.556814244209379,1.9297382454653793,1.809949712914892,3.3956227574099405,-2053.089676061209,21.91868016476498,,5.7867205484514646,0.3883050680180924,11790.0,10250.0,33575.0,15.02,6.6,70.0,KOSPI
004100,태양금속공업,620020921700.0,16053014687.0,2452393399.0,,,2.689376375213445,1.6874643210930862,21.725165108650515,,10.231024063683623,1.2612551232625844,85.77482395851075,,842.8014765236757,1.9792321596618634,0.4616733632692694,12.820132612308912,2.5891085486252874,0.3955339752529516,0.46434458878163903,4.946639378670221,,5.690077497596552,7.001705037290132,-6.540031674020863,2605.0,1951.0,3790.0,33.52,35.56,15.83,KOSPI
004140,동방,871649680262.0,39038582380.0,0.0,,0.17925372074825385,,6.882738536308214,51.22570611557813,,5.193030802282204,-0.047143139161692105,84.2665308316037,79.92363894651517,659.2234129558523,15.904558547852464,13.526408586564912,9.671731737303002,4.478700935020799,0.0,0.0,0.0,74.11214495758959,,3.500454331812506,10.025954254752406,1784.0,1649.0,4120.0,8.19,5.46,33.33,KOSPI
004150,한솔홀딩스,791639938000.0,7479492000.0,1583567000.0,,0.3026742637132133,22.016827832355688,5.947131484920106,209.81758297666917,,6.9776741102215585,-4.012653729322228,160.15873108861686,151.77029290756258,618.4486801350115,10.227702912421519,78.64522911713912,7.922483946230615,0.9448098360090569,0.20003626951928746,0.16969961413933687,3.7696278071975633,43.05783175701901,4.1519420526382,106.39193425582319,-27.746705138684064,3015.0,2820.0,4695.0,6.91,10.4,45.83,KOSPI
004170,신세계,6570412728809.0,477024306786.0,107782477017.0,,4.666555611577172,7.1981794925406195,8.86506629950449,40.701730587864645,,54.421111833170265,3.8443983466280045,47.35170459789316,27.561765603287743,12007.40399308202,1.9547707132512795,3.3556900339934512,61.68129968551648,7.260187852346207,1.640421712694104,0.715128001155632,148.80723048469372,6.710795891826333,,3.3889840297118883,-0.03329399571843705,547000.0,160800.0,792000.0,240.17,61.19,10.83,KOSPI
004250,엔피씨,458265475806.0,10494660290.0,0.0,,0.8251815076697047,,14.222447037138696,207.015005043738,-99.69447619093273,15.03452637945761,3.785008062287792,130.18999666336595,108.99386866076846,733.5353459243712,11.35182846057978,-9.918155917852433,17.324609495917983,2.2900831164603725,0.0,0.0,0.0,17.58958140441771,7.335332059583918,-19.328249912220823,9.41009399436839,2870.0,2810.0,4670.0,2.14,3.23,32.5,KOSPI
004270,남성,74577816567.0,-1809506052.0,4432813104.0,,,-0.7237057592401487,10.810354454071556,-148.5143105966983,-13.962233218011052,31.16461704683953,-3.320544589950046,70.38139182857203,,258.7907854435312,4.162549254299734,7.037197886762295,28.738284210486842,-2.4263328363526937,5.943876219569398,1.6057579067713441,6.801268070098098,,7.658595965302491,12.448216688945394,-5.411018802183099,6200.0,4897.0,9858.0,26.61,26.26,75.0,KOSPI
004360,세방,,24495686269.0,19676832.0,,,2652.29651129816,,110.63920484630316,,,,132.90539504766053,,3005.9386245898545,9.333522189786457,,,,,0.0013292627406971738,0.1711182131964863,,,20.43407186129076,,12520.0,11700.0,17110.0,7.01,15.16,19.17,KOSPI
004370,농심,3438730857998.0,163073931930.0,0.0,,1.5681273530945627,,25.94251406762811,182.34944645984942,5.884037076292152,23.33617516833493,-0.7998927259052344,257.122442773818,209.4666509673903,747.5590484810609,13.340239630783923,0.8260079273049241,28.078446042797616,4.742270874462687,0.0,0.0,0.0,10.639981023261672,11.154863653932331,16.491823309435865,-15.66581538213094,351000.0,319000.0,579000.0,10.03,12.31,64.17,KOSPI
004380,삼익THK,304426059356.0,564892513.0,0.0,,4.571954308175807,,10.635822102908895,1910.5825953830617,401.5091984585009,12.52883169847078,0.7724658101901145,92.0514208222369,49.64936888675014,-28039.122289637708,10.186892785101803,-3.5529079043243086,12.714391539896644,0.18555984142586393,0.0,0.0,-0.0,3.007022799201169,3.573247623625994,-2.2654261805043214,-1.2874817238199872,8240.0,7350.0,14650.0,12.11,12.19,23.33,KOSPI
004430,송원산업,1070200000000.0,62814000000.0,0.0,,4.748525678053761,,10.603718931040927,60.220651447129626,,10.660997944309475,1.7792289693343548,198.46685413879612,91.23613297780366,56.08747404478185,11.935526846284642,3.905434597927134,16.530368155484958,5.8693702111754815,0.0,0.0,0.0,3.027568355092861,,10.39458339407318,-6.489148796146046,12370.0,8470.0,16730.0,46.04,47.22,67.5,KOSPI
004450,삼화왕관,167142498336.0,10627822764.0,0.0,,1.4617259468589567,,8.533923374368868,44.73733096840969,,10.545923794058467,-0.24084124218062541,145.23828201460302,99.84908213746874,-1148.9500197777281,9.710584154810807,5.850996582471541,16.904463883985386,6.358540089926922,0.0,0.0,-0.0,9.8795598331364,7.72561658727373,-3.065122680737319,8.91611926320886,25050.0,24200.0,41700.0,3.51,4.86,79.17,KOSPI
004490,세방전지,2059542800914.0,179667570936.0,0.0,,,,11.92838064331436,45.578639766978505,,7.976603577944282,0.0032913241198029297,213.05893897926973,,40.72187079462945,17.945052216906372,22.241455487051553,16.700266463525768,8.723662885581486,0.0,0.0,0.0,,,17.545861684287757,4.695593802763796,52700.0,48250.0,77700.0,9.22,15.11,25.0,KOSPI
004540,깨끗한나라,,-902193220.0,,,1.6559560540441776,,,-723.3076078019444,,,,46.870988643878555,28.41139133228534,449.07101152391994,,,,,,,,,,0.2378425907343934,,1270.0,1258.0,2410.0,0.95,1.04,18.33,KOSPI
004560,현대비앤지스틸,,30627008612.0,24969800651.0,,3.034650911840858,2.981735866001728,,48.04562992994313,,,,241.19856938693158,135.46753605941598,23924.188618275115,,,,,,3.313305490768739,2515.15037409907,,,-20.48147737860294,,10700.0,10430.0,25500.0,2.59,1.79,34.17,KOSPI
004690,삼천리,5120527432173.0,114302576748.0,101372349407.0,,0.13111159825366595,2.0769824019039764,7.511381891001366,112.16497510578647,,7.6699526252382935,,127.52961219598187,123.91087931702556,14533.882696890152,11.751908661784725,,9.902194874929618,2.232242249691325,1.979724759798437,2.2436454619518043,534.2706820609828,101.5841435214287,,-0.0029880227665002174,,113900.0,107600.0,176800.0,5.86,9.1,31.67,KOSPI
004710,한솔테크닉스,1199483140800.0,33354584118.0,23176851498.0,,,4.171374559410831,9.48503693058326,113.69893313465379,,10.449407433305376,0.7826562015678213,123.38058672231342,,228.99053119167877,10.89252609714685,-7.921825236711029,13.23015382176683,2.7807463884614525,1.932236536692138,2.6336877122451465,14.435963598491405,,10.856684043469006,-23.305507402314355,15.383682165603325,9000.0,4229.0,16430.0,112.82,39.1,50.83,KOSPI
004720,팜젠사이언스,171286609685.0,10643268036.0,0.0,,6.041418906313312,,22.44716397487729,120.41723154000378,104.98499921928726,56.858120078448096,3.6483370816724516,169.22206318022248,120.54608325312172,160.16318027341288,4.737510971640969,2.702851525292499,63.07183874307296,6.2137186646248725,0.0,0.0,0.0,5.378790288682204,4.358515081575293,5.864608027098525,-3.1617565018060256,3380.0,2590.0,5490.0,30.5,27.24,26.67,KOSPI
004800,효성,,221133379310.0,453157569978.0,,3.0132378088059455,,,16.411706959802924,,,,75.57991652949868,43.01512561293198,73.32683920180895,4.598013096243843,,,,,10.439339382967537,18.094176986047255,,,-20.59133023679336,,150800.0,66200.0,318000.0,127.79,33.6,0.83,KOSPI
004830,덕성,125453477601.0,8910501328.0,6799978765.0,,1.1734551891993843,1.1788446409949929,19.6838688414351,92.37825901146648,,10.747494062207268,0.06795768523700829,239.0317817158004,204.69028686800476,513.5968745431115,21.977814058797467,16.233057038007033,19.21408294369024,7.102633979059162,5.420319065707427,4.9909079748423,79.66235666588565,12.65840763167832,,6.795687921338402,9.43736911666863,3255.0,3010.0,6670.0,8.14,6.69,30.0,KOSPI
004840,DRB동일,,21870057763.0,3740024669.0,,2.78256414423247,7.527067101011146,,228.31974730985075,,,,117.189607985964,82.75261910823559,1295.031474848428,14.480889237716603,,,,,0.38069733994300464,10.488715038371067,,,-0.8086319318188347,,4350.0,3900.0,6470.0,11.54,17.51,30.0,KOSPI
004890,동일산업,415796640204.0,-4158725047.0,0.0,,2.8277772679280133,,24.359578744625367,-811.8378336574203,,5.428433764141527,1.085893676316763,770.0086167646041,562.82072981178,407.5821269490226,53.84885542243182,-5.749512296949119,4.428251308371892,-1.0001824557696348,0.0,0.0,0.0,4.440240713870616,5.799919605010408,-10.321421466735414,4.571909169786295,34450.0,33000.0,47000.0,4.39,10.36,31.67,KOSPI
004910,조광페인트,248020130146.0,2404881602.0,15982987690.0,,2.677707443224638,,3.281178363711639,112.79810810966208,,18.273434764476892,1.4960467302714164,65.99239603462222,37.372786877820914,106.3641394818642,2.1547202741042435,-1.8979165969675797,19.24306638292026,0.9696316184433651,6.444230023019271,4.078430837530979,8.42562753554477,5.5493012300310856,5.53251867043716,-2.7681169954735503,0.8702003985059705,3400.0,3225.0,6440.0,5.43,5.44,35.0,KOSPI
004920,씨아이테크,47436608009.0,-2049221072.0,-94027217.0,56.34860239455986,8.032824834036308,-15.885390843802172,11.169226652957079,-86.18400323574264,23.403601158280534,47.37080561438252,4.696236846742202,110.92420507100036,46.762157579788486,67.59705901655606,2.8293949848889866,-16.852111504609816,43.05089076800226,-4.3199148463802635,-0.19821656932586854,-0.1024220984414952,-0.1716567552569656,2.623167445053795,8.938655868902245,3.8360614753307614,-20.68817297994058,955.0,870.0,1699.0,9.77,10.25,50.0,KOSPI
